-- phpMyAdmin SQL Dump
-- version 5.0.1
-- https://www.phpmyadmin.net/
--
-- Host: 127.0.0.1
-- Generation Time: Feb 22, 2020 at 07:35 PM
-- Server version: 10.4.11-MariaDB
-- PHP Version: 7.4.2

SET SQL_MODE = "NO_AUTO_VALUE_ON_ZERO";
SET AUTOCOMMIT = 0;
START TRANSACTION;
SET time_zone = "+00:00";


/*!40101 SET @OLD_CHARACTER_SET_CLIENT=@@CHARACTER_SET_CLIENT */;
/*!40101 SET @OLD_CHARACTER_SET_RESULTS=@@CHARACTER_SET_RESULTS */;
/*!40101 SET @OLD_COLLATION_CONNECTION=@@COLLATION_CONNECTION */;
/*!40101 SET NAMES utf8mb4 */;

--
-- Database: `eapi`
--

-- --------------------------------------------------------

--
-- Table structure for table `failed_jobs`
--

CREATE TABLE `failed_jobs` (
  `id` bigint(20) UNSIGNED NOT NULL,
  `connection` text COLLATE utf8mb4_unicode_ci NOT NULL,
  `queue` text COLLATE utf8mb4_unicode_ci NOT NULL,
  `payload` longtext COLLATE utf8mb4_unicode_ci NOT NULL,
  `exception` longtext COLLATE utf8mb4_unicode_ci NOT NULL,
  `failed_at` timestamp NOT NULL DEFAULT current_timestamp()
) ENGINE=InnoDB DEFAULT CHARSET=utf8mb4 COLLATE=utf8mb4_unicode_ci;

-- --------------------------------------------------------

--
-- Table structure for table `migrations`
--

CREATE TABLE `migrations` (
  `id` int(10) UNSIGNED NOT NULL,
  `migration` varchar(255) COLLATE utf8mb4_unicode_ci NOT NULL,
  `batch` int(11) NOT NULL
) ENGINE=InnoDB DEFAULT CHARSET=utf8mb4 COLLATE=utf8mb4_unicode_ci;

--
-- Dumping data for table `migrations`
--

INSERT INTO `migrations` (`id`, `migration`, `batch`) VALUES
(1, '2014_10_12_000000_create_users_table', 1),
(2, '2014_10_12_100000_create_password_resets_table', 1),
(3, '2019_08_19_000000_create_failed_jobs_table', 1),
(4, '2020_02_22_105317_create_products_table', 1),
(5, '2020_02_22_105404_create_reviews_table', 1);

-- --------------------------------------------------------

--
-- Table structure for table `password_resets`
--

CREATE TABLE `password_resets` (
  `email` varchar(255) COLLATE utf8mb4_unicode_ci NOT NULL,
  `token` varchar(255) COLLATE utf8mb4_unicode_ci NOT NULL,
  `created_at` timestamp NULL DEFAULT NULL
) ENGINE=InnoDB DEFAULT CHARSET=utf8mb4 COLLATE=utf8mb4_unicode_ci;

-- --------------------------------------------------------

--
-- Table structure for table `products`
--

CREATE TABLE `products` (
  `id` int(10) UNSIGNED NOT NULL,
  `name` varchar(255) COLLATE utf8mb4_unicode_ci NOT NULL,
  `detail` text COLLATE utf8mb4_unicode_ci NOT NULL,
  `price` int(11) NOT NULL,
  `stock` int(11) NOT NULL,
  `discount` int(11) NOT NULL,
  `created_at` timestamp NULL DEFAULT NULL,
  `updated_at` timestamp NULL DEFAULT NULL
) ENGINE=InnoDB DEFAULT CHARSET=utf8mb4 COLLATE=utf8mb4_unicode_ci;

--
-- Dumping data for table `products`
--

INSERT INTO `products` (`id`, `name`, `detail`, `price`, `stock`, `discount`, `created_at`, `updated_at`) VALUES
(1, 'sequi', 'Sed est et vitae nulla omnis et. Facilis iusto dolorum blanditiis sit.', 224, 7, 22, '2020-02-22 11:26:08', '2020-02-22 11:26:08'),
(2, 'voluptas', 'Blanditiis quod dolor error voluptas est at. At accusantium id molestiae sint dolorem ullam at deserunt. Ab dolore nobis facere voluptates natus occaecati.', 908, 0, 29, '2020-02-22 11:26:08', '2020-02-22 11:26:08'),
(3, 'aut', 'Doloremque qui maiores totam est in qui. Quas recusandae qui ducimus voluptatem facere harum. Iusto enim incidunt aliquid et et et.', 609, 6, 13, '2020-02-22 11:26:09', '2020-02-22 11:26:09'),
(4, 'dignissimos', 'Suscipit itaque est molestias harum unde modi provident. Esse quos est exercitationem eveniet quia. Molestias et vel cupiditate dolores neque dolorem ab at.', 630, 7, 12, '2020-02-22 11:26:09', '2020-02-22 11:26:09'),
(5, 'quia', 'Atque ut qui labore rem. Aut maxime repellat qui ut tempora praesentium mollitia. Dolor pariatur aperiam non et voluptate quasi ipsa. Quo voluptas a et et ad nobis sunt et.', 231, 8, 22, '2020-02-22 11:26:09', '2020-02-22 11:26:09'),
(6, 'ut', 'Nostrum harum aliquam molestias nemo. Non laboriosam esse in dolorem est. Cumque ea ratione praesentium nisi et est suscipit. Ut saepe ut sapiente quos rerum dolores. Sed quod suscipit eum alias facere temporibus deserunt.', 945, 9, 4, '2020-02-22 11:26:09', '2020-02-22 11:26:09'),
(7, 'reiciendis', 'Omnis repellendus quo aut aliquam. Voluptatibus quis cum et quia. Magni qui fuga voluptas a doloremque voluptates vel. Quia aliquam velit cum quidem.', 511, 0, 9, '2020-02-22 11:26:09', '2020-02-22 11:26:09'),
(8, 'eos', 'Amet amet est necessitatibus dolorem quam officiis. Sed eos atque quis maiores. Dolore molestiae quaerat explicabo.', 760, 2, 2, '2020-02-22 11:26:09', '2020-02-22 11:26:09'),
(9, 'nihil', 'Sint reiciendis incidunt deserunt corporis esse ea. Et non velit atque ipsam. Aut aspernatur laboriosam ratione et. Et provident doloribus voluptatem quis.', 991, 4, 26, '2020-02-22 11:26:09', '2020-02-22 11:26:09'),
(10, 'corrupti', 'Perferendis qui repudiandae dolor aspernatur. Illo eveniet est reprehenderit est. Dolorem eos vel sit aut est. Possimus ipsam et molestias nostrum iusto aut.', 940, 2, 5, '2020-02-22 11:26:09', '2020-02-22 11:26:09'),
(11, 'ut', 'Consectetur minima aut ea totam eaque. Soluta rerum hic impedit deserunt. Quis saepe quibusdam enim vitae alias assumenda incidunt et.', 239, 9, 22, '2020-02-22 11:26:09', '2020-02-22 11:26:09'),
(12, 'amet', 'Impedit corporis sapiente accusantium illo commodi illum. Sint unde voluptatem natus. Quam quis sit veniam neque. Sunt nihil consectetur dignissimos soluta.', 693, 8, 24, '2020-02-22 11:26:09', '2020-02-22 11:26:09'),
(13, 'recusandae', 'Pariatur nulla incidunt voluptas distinctio qui. Ipsam quo voluptates maxime laboriosam officiis eos.', 416, 1, 10, '2020-02-22 11:26:09', '2020-02-22 11:26:09'),
(14, 'sequi', 'Voluptas molestiae id officiis. Rerum in perferendis molestias mollitia distinctio. Asperiores odio veniam veritatis sed. Consequuntur voluptatem et odio delectus.', 934, 9, 6, '2020-02-22 11:26:09', '2020-02-22 11:26:09'),
(15, 'iure', 'Perspiciatis quos minima dolorem sed nostrum et. Et nesciunt doloribus eos nesciunt consequatur omnis qui voluptatem. Aut quod hic ipsa mollitia et aut.', 555, 3, 17, '2020-02-22 11:26:09', '2020-02-22 11:26:09'),
(16, 'ut', 'Iusto ea corrupti sed perspiciatis qui id tempore a. Iure fugit non recusandae ullam assumenda accusantium. Dicta veniam dicta ut praesentium itaque nam adipisci inventore. Voluptatem tempora illum blanditiis aut aut tenetur.', 473, 3, 13, '2020-02-22 11:26:09', '2020-02-22 11:26:09'),
(17, 'voluptas', 'Ea incidunt voluptas consectetur vero iusto molestiae. Quam sed aut voluptas ut minus et sapiente. Architecto corrupti asperiores repellendus illum repellat. Dolor delectus eum quam autem enim sunt.', 989, 9, 3, '2020-02-22 11:26:10', '2020-02-22 11:26:10'),
(18, 'quasi', 'Non ut aut et possimus cumque iste. Maiores nihil et rerum odit harum sunt. Quo ea et sunt consequatur neque. Minima delectus eum eum dolore aut beatae.', 719, 0, 5, '2020-02-22 11:26:10', '2020-02-22 11:26:10'),
(19, 'architecto', 'Aperiam nesciunt dolorum earum quos sunt. Inventore magnam excepturi sed quam sed voluptatibus nihil. Ut ea quo eligendi totam voluptatibus.', 177, 1, 9, '2020-02-22 11:26:10', '2020-02-22 11:26:10'),
(20, 'officia', 'Architecto fugit ducimus animi. Id rem delectus omnis. Reiciendis pariatur omnis distinctio sint blanditiis nesciunt et.', 692, 7, 28, '2020-02-22 11:26:10', '2020-02-22 11:26:10'),
(21, 'unde', 'Debitis et dolorem porro ut temporibus omnis. Aut quis id eligendi rerum quia. Atque autem animi quo excepturi sed. Beatae consectetur fuga assumenda perferendis et similique. Nemo doloribus repudiandae qui nam error id.', 612, 1, 21, '2020-02-22 11:26:10', '2020-02-22 11:26:10'),
(22, 'velit', 'Inventore perferendis sit nihil molestias minus a nobis. Tenetur porro nulla voluptas recusandae. Veritatis tempore tempora voluptas dolorem magnam non id. Iusto dolorum voluptas aut vero.', 121, 8, 2, '2020-02-22 11:26:10', '2020-02-22 11:26:10'),
(23, 'nisi', 'Deleniti aperiam numquam dicta sed. Recusandae in voluptatem neque eum. Nulla quos et vel dolorem deserunt rerum.', 544, 1, 28, '2020-02-22 11:26:10', '2020-02-22 11:26:10'),
(24, 'voluptas', 'Odit laboriosam qui porro quis. Error qui hic sit qui quo. Harum accusantium qui assumenda in.', 765, 7, 4, '2020-02-22 11:26:10', '2020-02-22 11:26:10'),
(25, 'possimus', 'Veritatis expedita quis consectetur sunt a. Qui quo voluptatem inventore architecto optio dolorum sed dolor. Dolor et eligendi sed quos rem quia voluptatem.', 826, 1, 6, '2020-02-22 11:26:10', '2020-02-22 11:26:10'),
(26, 'veritatis', 'Fugit nam velit autem. Laborum et optio fugiat est atque. Consectetur quod quia deserunt ipsum fugiat quisquam at enim.', 148, 6, 7, '2020-02-22 11:26:10', '2020-02-22 11:26:10'),
(27, 'nam', 'Minima consequuntur aut excepturi laudantium. Eaque enim reiciendis iste consequatur. Et omnis adipisci quia tempora sed dolor et. Soluta excepturi quia dolore natus.', 240, 6, 2, '2020-02-22 11:26:10', '2020-02-22 11:26:10'),
(28, 'beatae', 'Repellendus dolorem ducimus saepe iste. Consequatur temporibus quas quisquam eveniet eius. Est voluptate perferendis nihil dolores sapiente vitae. Illum fugiat illo alias rerum.', 319, 8, 16, '2020-02-22 11:26:10', '2020-02-22 11:26:10'),
(29, 'cumque', 'Perspiciatis repudiandae aut maxime sapiente. Dicta aut nisi quia qui. Non molestiae cum quisquam delectus nostrum itaque voluptatem odio. Quo possimus qui voluptas quia et.', 860, 5, 19, '2020-02-22 11:26:10', '2020-02-22 11:26:10'),
(30, 'numquam', 'Sunt nostrum dignissimos commodi. Delectus nihil quas est non. Aut blanditiis error vel corrupti ex vitae sunt. Sit aut ipsam nam voluptas aliquid nesciunt voluptatem exercitationem.', 680, 3, 15, '2020-02-22 11:26:10', '2020-02-22 11:26:10'),
(31, 'esse', 'Et est sed accusantium animi. Quia similique similique totam laborum repellendus. Qui ex excepturi consectetur quia.', 547, 0, 14, '2020-02-22 11:26:10', '2020-02-22 11:26:10'),
(32, 'sit', 'Dolor repellendus qui ea et dolore quaerat labore et. Expedita fugiat assumenda ipsam sed modi aut in. Et quidem laudantium rerum quia consequatur et. Fugit facere facilis rem pariatur ipsum sed.', 349, 9, 10, '2020-02-22 11:26:10', '2020-02-22 11:26:10'),
(33, 'mollitia', 'Veritatis ut accusamus neque exercitationem. Unde ut accusantium quo vitae quisquam dolores. Quo recusandae natus cum ullam saepe nobis.', 744, 6, 8, '2020-02-22 11:26:10', '2020-02-22 11:26:10'),
(34, 'natus', 'Ex et excepturi quasi officiis blanditiis sint. Asperiores et aliquid laborum vero. At quibusdam sit est rerum illo corrupti. Saepe at omnis et.', 256, 6, 10, '2020-02-22 11:26:10', '2020-02-22 11:26:10'),
(35, 'itaque', 'Illum qui quibusdam reprehenderit culpa quaerat numquam et. Quibusdam quia et libero. Voluptate eaque tenetur enim est nostrum inventore ut. Laudantium qui et amet reiciendis ad eum officia.', 869, 1, 17, '2020-02-22 11:26:10', '2020-02-22 11:26:10'),
(36, 'et', 'Tempore ea dolorem sint id. Ut doloremque velit quia nam laboriosam. Deleniti est unde repellendus alias hic nisi voluptatum.', 900, 4, 11, '2020-02-22 11:26:11', '2020-02-22 11:26:11'),
(37, 'voluptas', 'Sequi saepe id vero aut aut. Quos est consequatur ea commodi. Laborum neque soluta aut cupiditate doloremque doloribus dolore odio. Porro quia similique ipsum beatae. Animi soluta aut rerum id.', 281, 9, 9, '2020-02-22 11:26:11', '2020-02-22 11:26:11'),
(38, 'repellendus', 'Autem magnam voluptatem eum. Cumque quia magni odio quis vitae. Cum saepe iure dolorem nihil odit ipsum.', 999, 8, 7, '2020-02-22 11:26:11', '2020-02-22 11:26:11'),
(39, 'occaecati', 'Odio molestias voluptate tenetur velit dolorem sunt voluptatem ipsam. Sequi quae blanditiis pariatur ratione in reiciendis. Commodi aut dicta quis incidunt animi. Saepe qui neque voluptates. Et animi aut enim quis dicta at.', 859, 1, 30, '2020-02-22 11:26:11', '2020-02-22 11:26:11'),
(40, 'hic', 'Velit saepe sit autem expedita. Aliquid quod dolor laborum dolor ea. Velit explicabo molestias quo repellat omnis veritatis ut. Consequatur velit dolor natus dolores explicabo doloribus.', 666, 7, 10, '2020-02-22 11:26:11', '2020-02-22 11:26:11'),
(41, 'illum', 'Iste numquam voluptates vitae necessitatibus. Consectetur itaque quia molestias iure aut tempore temporibus aut. Aut inventore optio possimus voluptatem rerum fuga eius.', 938, 4, 23, '2020-02-22 11:26:11', '2020-02-22 11:26:11'),
(42, 'facere', 'Sit autem incidunt perferendis quia et aut et iure. Totam ad voluptatum molestias nulla porro dolores. Molestiae cupiditate modi odio sunt perferendis similique veniam. Dolorem amet culpa delectus autem molestias.', 701, 6, 13, '2020-02-22 11:26:11', '2020-02-22 11:26:11'),
(43, 'perferendis', 'Vitae impedit a nostrum sapiente ea veritatis. Autem consequuntur minus voluptates neque et et sint. Et est ex error.', 568, 0, 19, '2020-02-22 11:26:11', '2020-02-22 11:26:11'),
(44, 'et', 'Nulla ex enim aut fugiat. Aut et fugiat exercitationem. Aliquid dolorem quis alias quia aut quae. Saepe modi eum non aut quis quas.', 699, 7, 14, '2020-02-22 11:26:11', '2020-02-22 11:26:11'),
(45, 'aut', 'Cum rerum facere officia dolor nesciunt iure sapiente dignissimos. Exercitationem veritatis iste non aspernatur harum amet itaque. Soluta ut dolores placeat voluptatem maiores expedita excepturi earum.', 304, 8, 30, '2020-02-22 11:26:11', '2020-02-22 11:26:11'),
(46, 'corporis', 'Laudantium ea porro eius omnis fuga quibusdam. Vitae doloribus cupiditate explicabo ea officiis maxime nisi. Ut qui voluptates et quo in blanditiis sit vitae. Illo et est aut sit. At natus rem tempore neque eius eum.', 312, 2, 7, '2020-02-22 11:26:11', '2020-02-22 11:26:11'),
(47, 'qui', 'Voluptas atque qui aut est alias et et officiis. Asperiores velit voluptas repellat. Vel inventore optio qui velit fugit ut.', 284, 4, 20, '2020-02-22 11:26:11', '2020-02-22 11:26:11'),
(48, 'error', 'Perferendis distinctio cupiditate vel illo. Consequatur dolorem autem voluptates est pariatur molestiae. A tempora saepe dicta enim.', 355, 2, 26, '2020-02-22 11:26:11', '2020-02-22 11:26:11'),
(49, 'tenetur', 'Totam sunt omnis rerum qui. Excepturi deserunt ut voluptatem cum. In consequuntur eos earum.', 576, 0, 14, '2020-02-22 11:26:11', '2020-02-22 11:26:11'),
(50, 'magnam', 'Velit nisi ullam omnis commodi. Repudiandae ea maiores aspernatur autem omnis quia. Odio vel omnis enim quia quia.', 698, 4, 8, '2020-02-22 11:26:11', '2020-02-22 11:26:11');

-- --------------------------------------------------------

--
-- Table structure for table `reviews`
--

CREATE TABLE `reviews` (
  `id` int(10) UNSIGNED NOT NULL,
  `product_id` int(10) UNSIGNED NOT NULL,
  `customer` varchar(255) COLLATE utf8mb4_unicode_ci NOT NULL,
  `review` text COLLATE utf8mb4_unicode_ci NOT NULL,
  `star` int(11) NOT NULL,
  `created_at` timestamp NULL DEFAULT NULL,
  `updated_at` timestamp NULL DEFAULT NULL
) ENGINE=InnoDB DEFAULT CHARSET=utf8mb4 COLLATE=utf8mb4_unicode_ci;

--
-- Dumping data for table `reviews`
--

INSERT INTO `reviews` (`id`, `product_id`, `customer`, `review`, `star`, `created_at`, `updated_at`) VALUES
(1, 46, 'Dr. Rodrick Kerluke', 'Omnis libero recusandae cum et aspernatur perferendis. Enim asperiores sapiente tempora. Eum illum dolorum quia nihil voluptas dolorem. Omnis distinctio quo iure ex. Nesciunt occaecati molestias est aut et.', 5, '2020-02-22 11:26:12', '2020-02-22 11:26:12'),
(2, 34, 'Grace Boyle DDS', 'Soluta est dolorem vero tenetur doloremque. Quo repellat at pariatur. Error corrupti soluta laborum quibusdam repellat ipsam qui voluptatem.', 4, '2020-02-22 11:26:12', '2020-02-22 11:26:12'),
(3, 38, 'Mr. Elton Emmerich', 'Aut esse nostrum saepe laboriosam est dolores. Qui quibusdam voluptatem consequuntur sed magnam maiores. Nihil sit officia nisi et qui id autem beatae. Minus pariatur et quo nesciunt est.', 0, '2020-02-22 11:26:12', '2020-02-22 11:26:12'),
(4, 12, 'Amaya Cole', 'Provident quibusdam rerum et nemo voluptas qui et. Est eligendi facilis at esse harum eveniet accusamus. Qui enim expedita totam minima impedit.', 0, '2020-02-22 11:26:12', '2020-02-22 11:26:12'),
(5, 17, 'Flavio Wyman', 'Maiores deleniti et incidunt. Dicta optio dolorem a quis. Necessitatibus reprehenderit nihil voluptatem quibusdam quis itaque et. Consequatur voluptatem occaecati unde beatae.', 3, '2020-02-22 11:26:12', '2020-02-22 11:26:12'),
(6, 12, 'Aurelia Weimann', 'Totam officia ut voluptas reiciendis. Voluptatem qui ad ut. Voluptatem assumenda hic facilis dolorum. Aut ipsa beatae sint iste consectetur debitis consequatur. Voluptatem et quaerat hic ipsum.', 3, '2020-02-22 11:26:12', '2020-02-22 11:26:12'),
(7, 28, 'Laney Bergnaum', 'Sint consequuntur asperiores aut dolor sit quo explicabo. Perspiciatis aspernatur perferendis deserunt adipisci pariatur occaecati. Dolores ullam eligendi illo tempora eum architecto impedit est. Fuga aspernatur dolores veritatis aut deleniti voluptas.', 4, '2020-02-22 11:26:12', '2020-02-22 11:26:12'),
(8, 24, 'Patsy Volkman', 'Ea excepturi eveniet iusto sit. Sed odit ut deserunt omnis quo ipsum quia. Voluptatem dolorum molestiae ad facere incidunt maxime adipisci doloribus.', 3, '2020-02-22 11:26:12', '2020-02-22 11:26:12'),
(9, 44, 'Prof. Charlotte Bergnaum', 'Vitae enim harum ad. Voluptatibus laboriosam voluptatem laboriosam officia nostrum.', 3, '2020-02-22 11:26:12', '2020-02-22 11:26:12'),
(10, 36, 'Miss Stacy Walter', 'Minus voluptatem accusantium veniam itaque aliquam rerum. Quia veniam dolore totam.', 3, '2020-02-22 11:26:12', '2020-02-22 11:26:12'),
(11, 11, 'Francis Erdman', 'Sapiente nulla blanditiis delectus voluptate repellat quia ab cum. Ut est aut accusantium unde quos culpa laudantium consequuntur. Eum consequatur et a aliquam et aut quae. Eligendi quibusdam sint dolorum sit officia possimus est.', 5, '2020-02-22 11:26:12', '2020-02-22 11:26:12'),
(12, 45, 'Jay Kuvalis', 'Eligendi qui mollitia totam totam tenetur. Quos sed nihil libero aut molestiae optio. Minus repellendus atque occaecati perspiciatis. Veniam temporibus sed sed. Non asperiores quia accusantium porro.', 3, '2020-02-22 11:26:12', '2020-02-22 11:26:12'),
(13, 44, 'Dr. Nelson Christiansen', 'Pariatur omnis enim et autem qui mollitia quo nisi. Nulla voluptates tempore quo reprehenderit perspiciatis ipsa ullam. Laboriosam consequatur corporis non aspernatur et. Iste ut autem est aliquam.', 1, '2020-02-22 11:26:12', '2020-02-22 11:26:12'),
(14, 11, 'Johanna Kassulke', 'Soluta dicta voluptas est sint aperiam quae. Veritatis mollitia sit ipsam ut asperiores quo. Est qui vel quas quos delectus.', 2, '2020-02-22 11:26:12', '2020-02-22 11:26:12'),
(15, 49, 'Kaia Mosciski', 'Saepe autem non sequi aut eligendi harum qui tempore. Sint nobis nobis sed similique voluptatibus iure quia. Qui porro vitae harum et alias.', 1, '2020-02-22 11:26:12', '2020-02-22 11:26:12'),
(16, 24, 'Mr. Wellington Pollich', 'Sit possimus tempora minima molestiae aut. Et eos qui qui commodi debitis molestiae non. Nulla eius quis nihil qui in alias.', 3, '2020-02-22 11:26:12', '2020-02-22 11:26:12'),
(17, 22, 'Florence Okuneva', 'Id autem quas voluptas voluptas modi ut. In minus non tenetur accusantium voluptatem numquam asperiores. Fugit quis optio quas repellat vitae sapiente et.', 5, '2020-02-22 11:26:12', '2020-02-22 11:26:12'),
(18, 2, 'Dr. Cooper Wehner', 'Quas odit asperiores natus ex voluptatem cumque qui totam. Qui est quibusdam minus animi ut. Nesciunt maxime ea saepe voluptas. Eveniet autem veritatis est odio nihil.', 0, '2020-02-22 11:26:12', '2020-02-22 11:26:12'),
(19, 44, 'Lamar Christiansen', 'Veritatis amet inventore saepe dolores dicta pariatur. Repellendus dolor omnis commodi dolores et culpa eius. Ut consequatur illo iusto error nulla mollitia. Quo ad qui architecto. Quod neque nobis quos dolor.', 5, '2020-02-22 11:26:13', '2020-02-22 11:26:13'),
(20, 50, 'Elbert Baumbach', 'Est aliquam magnam sint neque totam id. Rem vitae sed et. At qui perferendis quae.', 5, '2020-02-22 11:26:13', '2020-02-22 11:26:13'),
(21, 1, 'Joshua Langworth', 'Aliquam voluptatibus veritatis laborum omnis est blanditiis. Quo velit sunt aut sunt et animi. Alias ipsa eum et molestias. Nisi tempora et quos.', 5, '2020-02-22 11:26:13', '2020-02-22 11:26:13'),
(22, 39, 'Ms. Verna Beier Sr.', 'Temporibus hic inventore maiores esse quam. Qui illum exercitationem hic. Ipsum sunt laborum eius qui possimus beatae. Commodi dicta sed assumenda ut ab enim rerum.', 5, '2020-02-22 11:26:13', '2020-02-22 11:26:13'),
(23, 31, 'Dr. Quentin Kohler', 'Nihil enim aliquid totam molestias ut sunt. Corporis incidunt est quia veniam ab eos accusamus. Et placeat quasi quia exercitationem tempore magni dolor.', 5, '2020-02-22 11:26:13', '2020-02-22 11:26:13'),
(24, 23, 'Miss Isabella Tillman', 'Eveniet nisi quidem eveniet. Quod sint et dignissimos et. Nihil quos nobis ut cumque et ipsa.', 2, '2020-02-22 11:26:13', '2020-02-22 11:26:13'),
(25, 4, 'Quinn Dickinson I', 'Molestiae occaecati quasi incidunt suscipit et. Non dolores labore fugiat et est. Vitae a exercitationem in ipsam voluptatum qui.', 0, '2020-02-22 11:26:13', '2020-02-22 11:26:13'),
(26, 25, 'Ms. Isabell Willms', 'Sint voluptas sit earum quia. Saepe totam quaerat id et reprehenderit. Et minima eos ut nostrum dolores eaque corrupti.', 5, '2020-02-22 11:26:13', '2020-02-22 11:26:13'),
(27, 15, 'Perry Lind', 'Mollitia ut nihil consequatur quis. Dicta optio ipsum dolores assumenda aut voluptatum. Aliquid sit ipsum explicabo similique voluptatem similique.', 3, '2020-02-22 11:26:13', '2020-02-22 11:26:13'),
(28, 42, 'Marilou Parker', 'Animi ea ratione suscipit deserunt quibusdam doloribus dolore inventore. Velit excepturi sed quo iure ea animi. Expedita sint qui illum.', 0, '2020-02-22 11:26:13', '2020-02-22 11:26:13'),
(29, 12, 'Adrianna Nader Jr.', 'Accusamus aut impedit est ex repudiandae eos fuga. Molestiae ut tempora voluptatem et. Dicta explicabo commodi itaque sed et quis. Veritatis voluptatem ut est et. Ipsum et neque velit rerum.', 0, '2020-02-22 11:26:13', '2020-02-22 11:26:13'),
(30, 6, 'Horacio Bayer II', 'Voluptatum culpa rerum necessitatibus. Qui saepe qui et placeat. Sunt quos eligendi laborum nulla sunt quidem.', 0, '2020-02-22 11:26:13', '2020-02-22 11:26:13'),
(31, 10, 'Dedrick Torp IV', 'Officia et quisquam aperiam. Ipsam animi et ut nam doloremque dolor. Non natus culpa mollitia eos ut alias earum. Totam consequuntur amet quis eius id.', 1, '2020-02-22 11:26:13', '2020-02-22 11:26:13'),
(32, 3, 'Mr. Johathan Kessler IV', 'Molestiae ipsam ad et dolorem sed omnis ad. Ut quisquam illo ipsa repellendus repellat. Sapiente temporibus consequatur maxime dolorem.', 0, '2020-02-22 11:26:13', '2020-02-22 11:26:13'),
(33, 7, 'Chris Hilpert', 'Cumque dolores distinctio in. Placeat est non mollitia rem. Dolor qui accusamus eos ad atque.', 0, '2020-02-22 11:26:13', '2020-02-22 11:26:13'),
(34, 1, 'Logan Balistreri', 'Est ut quod et placeat natus harum earum. Voluptatem laboriosam numquam quo nemo voluptatem eveniet.', 0, '2020-02-22 11:26:13', '2020-02-22 11:26:13'),
(35, 40, 'Eva Flatley', 'Tempore quia beatae sunt magnam ipsa sed. Atque velit ratione cumque vitae ab. Id enim voluptatem aliquid neque nihil. Quo ut sapiente repudiandae.', 0, '2020-02-22 11:26:13', '2020-02-22 11:26:13'),
(36, 20, 'Abner Romaguera', 'Ipsa numquam non fuga quo sit. Alias quis cumque fuga reprehenderit voluptas ut nisi facere.', 5, '2020-02-22 11:26:13', '2020-02-22 11:26:13'),
(37, 47, 'Sheila Shanahan', 'Rem at voluptate voluptate dolorum architecto. Qui quis minus et optio. Omnis velit est qui. Asperiores veniam nisi ea.', 2, '2020-02-22 11:26:13', '2020-02-22 11:26:13'),
(38, 21, 'Royce Conroy', 'Quidem magnam temporibus quasi corrupti. Libero voluptas dolore nesciunt. Sint quo quia quo officiis est.', 2, '2020-02-22 11:26:13', '2020-02-22 11:26:13'),
(39, 20, 'Lucienne Turner II', 'Odit cupiditate ipsam aspernatur consequatur. Nisi totam asperiores quia sequi vel ea. Quia non iure omnis corporis necessitatibus. Tempora qui excepturi ducimus laudantium. Temporibus delectus aut ad vitae aut.', 0, '2020-02-22 11:26:13', '2020-02-22 11:26:13'),
(40, 21, 'Haleigh Schaden IV', 'Eum animi ut sed ut odit cupiditate. Provident commodi consequatur quisquam veniam. Autem qui in quia aperiam corrupti deleniti.', 5, '2020-02-22 11:26:13', '2020-02-22 11:26:13'),
(41, 35, 'Vern Stroman', 'Similique itaque voluptatem consequatur et. Laborum nisi asperiores eum quia et consequuntur voluptatum. Cupiditate reiciendis animi expedita dicta.', 2, '2020-02-22 11:26:13', '2020-02-22 11:26:13'),
(42, 22, 'Valentine Jacobi', 'Vero nesciunt vel cupiditate ad. Magnam laboriosam nulla placeat minima. Qui enim molestiae nam fugiat qui assumenda.', 3, '2020-02-22 11:26:13', '2020-02-22 11:26:13'),
(43, 26, 'Dr. Uriel Bosco V', 'Eum qui illo adipisci tempora aut libero natus. Dolores veritatis quam voluptatum laudantium quibusdam beatae sit. Dolore tenetur nihil laboriosam molestiae id est. Aliquid est corporis et fugiat asperiores.', 2, '2020-02-22 11:26:13', '2020-02-22 11:26:13'),
(44, 27, 'Heber Yundt', 'Aut vel tempore adipisci et atque. Non eos et dolores voluptatem placeat. Enim non pariatur cum ullam. Doloremque cupiditate aut commodi quos consequatur voluptas nulla et.', 0, '2020-02-22 11:26:14', '2020-02-22 11:26:14'),
(45, 17, 'Dr. Anderson Heaney', 'Deleniti enim saepe reprehenderit nisi voluptatem vero. Rerum dolor necessitatibus error similique est perferendis hic maxime. Aut atque ipsa ipsum eum consequatur repudiandae qui quisquam.', 5, '2020-02-22 11:26:14', '2020-02-22 11:26:14'),
(46, 2, 'Tommie Boyle', 'Minima quis et sit. Quia doloremque labore fugiat aut magni.', 4, '2020-02-22 11:26:14', '2020-02-22 11:26:14'),
(47, 26, 'Ms. Kylie Wolff DDS', 'Incidunt atque sit ipsa harum suscipit sed porro. Eum itaque ducimus voluptas ipsa et consequatur dolore. Saepe fugit ipsum ea saepe in. Ullam sunt aut tempore impedit illum.', 3, '2020-02-22 11:26:14', '2020-02-22 11:26:14'),
(48, 11, 'Prof. Carlee Altenwerth PhD', 'Iste sapiente sit nesciunt aut accusantium quia aut rerum. Ut ea aut iste eaque autem officiis est esse. Vel necessitatibus iure ipsam autem aliquam dolorem et minus.', 2, '2020-02-22 11:26:14', '2020-02-22 11:26:14'),
(49, 23, 'Maryjane Bartell', 'Nisi consequuntur voluptas nihil non illo. Perspiciatis ipsa ut architecto. Explicabo velit enim qui id et eos.', 3, '2020-02-22 11:26:14', '2020-02-22 11:26:14'),
(50, 24, 'Kathlyn Blanda', 'Qui amet sit deleniti aspernatur necessitatibus aut est. Id at sunt deserunt non. Fugiat et animi asperiores dolorum et.', 0, '2020-02-22 11:26:14', '2020-02-22 11:26:14'),
(51, 5, 'Toby Brown', 'Earum quia qui fuga voluptas. Nostrum facere deleniti quos ipsa ad quaerat asperiores.', 1, '2020-02-22 11:26:14', '2020-02-22 11:26:14'),
(52, 10, 'Guillermo Lindgren', 'Vitae similique facere fugiat alias. Et nam enim soluta iure soluta porro qui. Error quia nihil ad sit assumenda dicta ullam. Et harum et alias pariatur laboriosam.', 3, '2020-02-22 11:26:14', '2020-02-22 11:26:14'),
(53, 7, 'Cyrus Koss', 'Quo voluptate enim quod saepe atque autem fugiat rerum. In quidem modi non blanditiis consequatur. Ut architecto voluptate voluptas optio ut sequi. Et praesentium harum omnis voluptates ratione.', 2, '2020-02-22 11:26:14', '2020-02-22 11:26:14'),
(54, 37, 'Payton Hintz', 'Cupiditate accusantium non rerum et quo quibusdam rerum. Voluptas sapiente voluptas enim et. Debitis unde suscipit sed.', 4, '2020-02-22 11:26:14', '2020-02-22 11:26:14'),
(55, 25, 'Fanny Stanton', 'Et cupiditate illo sint ea aspernatur perspiciatis nisi. Voluptates deserunt consectetur in optio. Eos quia magnam voluptas quae.', 3, '2020-02-22 11:26:14', '2020-02-22 11:26:14'),
(56, 30, 'Dillon Murphy', 'Mollitia voluptas et ut sit. Et saepe vitae qui dolores ea iusto et. Dolorem maxime voluptatibus non enim totam enim. Velit excepturi dolores adipisci sunt consequuntur laudantium.', 4, '2020-02-22 11:26:14', '2020-02-22 11:26:14'),
(57, 43, 'Fabiola Turcotte', 'Voluptas architecto cum numquam et rem fuga et dignissimos. Inventore nemo at earum consequatur voluptas qui. Harum non ut quisquam earum aut adipisci et. Eius explicabo officiis qui officia.', 5, '2020-02-22 11:26:14', '2020-02-22 11:26:14'),
(58, 30, 'Prof. Viola Cartwright DVM', 'Enim incidunt omnis quos quisquam dolor. Facilis eveniet odio quia pariatur. Atque atque necessitatibus quis consequatur eum quos.', 0, '2020-02-22 11:26:14', '2020-02-22 11:26:14'),
(59, 27, 'Drew McCullough', 'Magnam assumenda rerum qui. Assumenda a et eius dolore eius earum harum. Quae ratione id eos vel inventore inventore dolores facere. Sunt labore temporibus itaque neque.', 3, '2020-02-22 11:26:14', '2020-02-22 11:26:14'),
(60, 23, 'Winnifred Ritchie', 'Sit reprehenderit nesciunt praesentium et dolor. Maiores sapiente non non. Omnis dolores excepturi ab expedita ad est rerum molestiae.', 3, '2020-02-22 11:26:14', '2020-02-22 11:26:14'),
(61, 38, 'Ashly Nicolas', 'Amet doloribus sunt molestiae ex at. In quia suscipit dolorem nesciunt repellat aut aut autem.', 1, '2020-02-22 11:26:14', '2020-02-22 11:26:14'),
(62, 21, 'Dr. Isaiah Lang', 'Officia eius aut earum dicta incidunt consectetur qui. Temporibus possimus molestias sunt laborum. Autem sint veritatis reiciendis molestias laudantium.', 5, '2020-02-22 11:26:14', '2020-02-22 11:26:14'),
(63, 37, 'Carolina Gibson', 'Optio labore debitis numquam aut. Accusamus vel exercitationem pariatur vel consequatur. Repellat omnis eos rerum sapiente aut facere iusto.', 1, '2020-02-22 11:26:14', '2020-02-22 11:26:14'),
(64, 43, 'Janessa Prosacco', 'Nisi dolorem quod veniam illum dolor ipsum nobis. Fugiat ullam aut amet earum ut cumque vero ipsam. Aut rem ad ad autem.', 0, '2020-02-22 11:26:14', '2020-02-22 11:26:14'),
(65, 21, 'Kali Balistreri', 'Aut omnis sit libero. Voluptatem sed beatae accusantium mollitia dicta ea magnam. Perspiciatis eum libero sint et ipsam. In architecto totam suscipit at.', 1, '2020-02-22 11:26:14', '2020-02-22 11:26:14'),
(66, 6, 'Franz Russel', 'Placeat quas aut vel eligendi. A natus eos nam qui. Vero dolor accusantium ratione eius necessitatibus officia.', 3, '2020-02-22 11:26:14', '2020-02-22 11:26:14'),
(67, 14, 'Marc Beatty MD', 'Vel minima magnam qui sed. Sit in ut voluptas dolor consequuntur. Cum repudiandae temporibus veniam quasi aut impedit. Saepe voluptatem suscipit qui facilis doloribus. Dignissimos recusandae placeat vel commodi exercitationem nulla.', 0, '2020-02-22 11:26:15', '2020-02-22 11:26:15'),
(68, 38, 'Prof. Kristina Crist DDS', 'Commodi odio voluptatum minima rerum et itaque. Et aspernatur nemo sed vitae. Placeat dignissimos neque illo sint odit reprehenderit.', 4, '2020-02-22 11:26:15', '2020-02-22 11:26:15'),
(69, 45, 'Kurtis Fisher', 'Cupiditate qui ipsa nulla praesentium voluptates ut vero. Quis alias sunt autem neque. Rem qui velit dolorem vel ut. Sunt labore est possimus qui.', 4, '2020-02-22 11:26:15', '2020-02-22 11:26:15'),
(70, 24, 'Ms. Christiana Murray', 'Voluptatem qui asperiores velit dolorem. Reprehenderit tempore ea qui perspiciatis tenetur qui vel. Aspernatur qui sint facilis atque ad. Voluptatibus reprehenderit facere rerum quasi rem voluptas.', 5, '2020-02-22 11:26:15', '2020-02-22 11:26:15'),
(71, 17, 'Burdette Price', 'Similique repellendus ut quam quos rerum officia earum. Saepe deserunt repellat odio commodi. Aliquam et consequuntur dolorem voluptatem velit.', 3, '2020-02-22 11:26:15', '2020-02-22 11:26:15'),
(72, 43, 'Prof. Tito Borer III', 'Autem aliquid nesciunt placeat recusandae voluptatibus architecto. Error iste ad voluptates neque sed recusandae quia. Et corrupti voluptas quis autem neque nesciunt aperiam.', 1, '2020-02-22 11:26:15', '2020-02-22 11:26:15'),
(73, 5, 'Josh Ebert', 'Odio et eum quasi fugit sit expedita. Ut et itaque enim accusamus et nihil et. Facilis qui et animi explicabo voluptatem consequatur laborum.', 2, '2020-02-22 11:26:15', '2020-02-22 11:26:15'),
(74, 20, 'Kara Watsica Sr.', 'Omnis voluptatem unde non deserunt odio enim. In unde magni deleniti aut. Facere et distinctio esse doloremque expedita molestias. Voluptatem quam ad illum cupiditate voluptatum dolorem sed.', 3, '2020-02-22 11:26:15', '2020-02-22 11:26:15'),
(75, 10, 'Neil Hettinger', 'Officiis nulla eos qui in. Maxime quaerat qui eligendi ullam quia eius. Explicabo animi magni saepe nemo aspernatur optio.', 4, '2020-02-22 11:26:15', '2020-02-22 11:26:15'),
(76, 38, 'Evans Wolff', 'Impedit qui est necessitatibus porro incidunt ad eos. Saepe aut minima dolore velit sint quod est at. Aut sint error maxime aut aliquam.', 0, '2020-02-22 11:26:15', '2020-02-22 11:26:15'),
(77, 5, 'Mr. Jaydon Kohler', 'Voluptatem repellat quia quas reprehenderit officia. Dolorem est eos tempora nihil perspiciatis. Iusto distinctio nisi est inventore et.', 2, '2020-02-22 11:26:15', '2020-02-22 11:26:15'),
(78, 13, 'Dr. Waldo Friesen V', 'Modi aut aut eum adipisci cupiditate repellendus et numquam. Vel aut porro qui rerum porro numquam. Deserunt aspernatur rem laborum eius nihil aut nostrum. Tempore officiis aspernatur vel similique iusto velit molestiae. Porro libero eius praesentium totam praesentium esse.', 2, '2020-02-22 11:26:15', '2020-02-22 11:26:15'),
(79, 40, 'Fausto Glover I', 'Ipsa quibusdam corrupti iusto alias. Aut qui doloremque eveniet blanditiis provident est. Deleniti rem placeat voluptas laborum est enim dolorum. Optio nam quos quis eveniet voluptas.', 4, '2020-02-22 11:26:15', '2020-02-22 11:26:15'),
(80, 2, 'Marvin Mueller', 'Maxime quia soluta fuga illo quae. At doloremque dolorem consequatur maiores. Aut enim tempora eius aut quos commodi. Reiciendis necessitatibus quidem id.', 3, '2020-02-22 11:26:15', '2020-02-22 11:26:15'),
(81, 40, 'Monroe Treutel Jr.', 'Incidunt incidunt aliquam voluptatem architecto. Quaerat similique praesentium qui cum praesentium ad temporibus. Perferendis et voluptate iure et porro iste. Quia ipsam qui ullam molestiae ut ut nemo. Vel nisi eligendi quas debitis debitis est et.', 0, '2020-02-22 11:26:15', '2020-02-22 11:26:15'),
(82, 21, 'Ryder Wyman', 'Corporis excepturi voluptas et quae. Voluptas et consectetur magnam quod necessitatibus repellendus.', 3, '2020-02-22 11:26:15', '2020-02-22 11:26:15'),
(83, 4, 'Dr. Fabiola Leannon Jr.', 'Possimus id ut ut adipisci et repudiandae consequatur. In saepe facilis molestias exercitationem consequatur. Possimus corrupti eligendi porro et.', 3, '2020-02-22 11:26:15', '2020-02-22 11:26:15'),
(84, 40, 'Ceasar Herman MD', 'Consequatur nam quia non voluptatem repudiandae architecto. Iure quae perspiciatis repellat tempora eaque quo. Enim aut culpa dolor iusto.', 3, '2020-02-22 11:26:15', '2020-02-22 11:26:15'),
(85, 33, 'Alexane Stark', 'Illo incidunt qui saepe perspiciatis. Nam et eaque quia ea unde rerum quas. In sunt occaecati et ut. Consequatur quod eum ea commodi aut dolorem doloremque et.', 1, '2020-02-22 11:26:15', '2020-02-22 11:26:15'),
(86, 35, 'Miss Larissa Rempel', 'Est similique rerum natus. Aut aut corrupti voluptatem accusantium. Ea aut rem ut iusto earum impedit ad.', 0, '2020-02-22 11:26:15', '2020-02-22 11:26:15'),
(87, 30, 'Mr. Eusebio Heathcote', 'Nemo accusantium dolores ab iusto aliquam quo. Accusamus ut explicabo vitae quae ut. Omnis at dolor id vel. Odio tenetur sint ipsam ullam tempora odit laboriosam.', 0, '2020-02-22 11:26:15', '2020-02-22 11:26:15'),
(88, 1, 'Blanche Reichert', 'Nihil dolorem aut fugiat qui beatae. Voluptatem repellendus officia et nesciunt ut accusantium. Earum sed laboriosam qui consequatur hic.', 1, '2020-02-22 11:26:16', '2020-02-22 11:26:16'),
(89, 27, 'Marcelle Farrell I', 'Quisquam consequatur blanditiis nihil porro ratione id. Et explicabo qui velit est ab rerum. Odit optio laboriosam occaecati aut rem. Itaque architecto voluptas error repudiandae.', 2, '2020-02-22 11:26:16', '2020-02-22 11:26:16'),
(90, 20, 'Vella Fadel', 'Est nemo dolorem corrupti aspernatur sunt asperiores dolores quae. Corporis quasi ut eos architecto. Aut non exercitationem saepe laudantium ipsa repudiandae.', 1, '2020-02-22 11:26:16', '2020-02-22 11:26:16'),
(91, 19, 'Prof. Cielo Ruecker', 'Accusamus animi distinctio vel porro dolorum quam ut. Ut nemo et autem aut. Dolores in qui sint adipisci soluta autem tempora veniam. Tempora ex iure quibusdam sit.', 4, '2020-02-22 11:26:16', '2020-02-22 11:26:16'),
(92, 33, 'Mrs. Chloe Bauch', 'Qui qui quisquam sint consequatur quos omnis corporis iusto. Ratione voluptas vel aliquid placeat modi. Dolore nisi et vitae. Blanditiis placeat culpa voluptatem quas est dolor quis.', 5, '2020-02-22 11:26:16', '2020-02-22 11:26:16'),
(93, 17, 'Charley Watsica', 'Eius aut ex fuga praesentium quas commodi non. Nobis et eos id et culpa voluptatem. Aut quam officia nisi consequatur et odit. Commodi odit ut cum voluptas.', 0, '2020-02-22 11:26:16', '2020-02-22 11:26:16'),
(94, 18, 'Rocio Green', 'Dolor eos vel explicabo id. Voluptatum ab quibusdam aut beatae ut. Voluptas nihil ut molestiae nihil rerum. Aperiam aut quam neque est fugit.', 5, '2020-02-22 11:26:16', '2020-02-22 11:26:16'),
(95, 39, 'Jerome King', 'Nobis voluptatem voluptate perspiciatis autem occaecati. Ut facere natus eaque dolor voluptates.', 2, '2020-02-22 11:26:16', '2020-02-22 11:26:16'),
(96, 43, 'Daren Shields IV', 'Unde laudantium accusantium consequatur ex veniam sit quis qui. Voluptatem possimus ad molestiae quos maiores quo odio. Quisquam sunt quisquam vel.', 1, '2020-02-22 11:26:16', '2020-02-22 11:26:16'),
(97, 17, 'Prof. Freeda Lehner V', 'Non ipsam et praesentium perferendis a quas. Reiciendis atque magnam laboriosam nostrum. Optio voluptas dolores laudantium. Sit et qui vero aliquam quia a commodi.', 3, '2020-02-22 11:26:16', '2020-02-22 11:26:16'),
(98, 16, 'Ebony Spinka Sr.', 'Voluptates delectus molestiae odit illo sunt. Eum aut sed magnam soluta corrupti maiores similique. Dolorem adipisci accusantium harum sunt sequi. Dignissimos minus et voluptas sequi accusamus.', 2, '2020-02-22 11:26:16', '2020-02-22 11:26:16'),
(99, 33, 'Prof. Erik Harber', 'Aspernatur labore id sed reprehenderit in fuga voluptas. Quia saepe natus voluptas a rerum qui illum. Nostrum quo ut sit non sed amet.', 4, '2020-02-22 11:26:16', '2020-02-22 11:26:16'),
(100, 37, 'Amelia Gutkowski', 'Quis possimus ea error voluptates consequatur et. Dignissimos cupiditate quia hic quia. Culpa reiciendis quod unde repellendus rerum velit. Hic laboriosam quod natus aperiam et qui.', 1, '2020-02-22 11:26:16', '2020-02-22 11:26:16'),
(101, 18, 'Newell Crist', 'Qui assumenda fugit nobis soluta ratione error eos. Cum error sint quibusdam repellat aut sed dicta magnam. Officia qui a vel. Quasi esse repellat ea consequuntur quos laudantium.', 1, '2020-02-22 11:26:16', '2020-02-22 11:26:16'),
(102, 10, 'Roderick Larkin', 'Unde molestiae consequatur dolor corrupti dolor est vel incidunt. Minus corporis impedit modi blanditiis aut eos voluptas qui. Architecto tempora rem totam soluta voluptatem.', 3, '2020-02-22 11:26:16', '2020-02-22 11:26:16'),
(103, 45, 'Dr. Eloy Lynch', 'Enim et quis omnis et. Excepturi consequuntur odio sed maxime. Sint quis architecto suscipit unde vitae.', 5, '2020-02-22 11:26:16', '2020-02-22 11:26:16'),
(104, 11, 'Corrine Jakubowski', 'Aliquid praesentium dolor ea et nesciunt dolorem est. Ipsam est asperiores aut eum quis tenetur. Corporis quia nisi voluptas et. Quia voluptatum nihil rem facere aliquid quo voluptates.', 2, '2020-02-22 11:26:16', '2020-02-22 11:26:16'),
(105, 26, 'Dr. Reymundo Wintheiser', 'Illum quia dolores voluptas unde quibusdam et. Dolorum facere est velit dolores et assumenda fugit. Quasi incidunt quae officiis quis provident error esse. Enim tenetur dolorem voluptates enim odit omnis.', 2, '2020-02-22 11:26:16', '2020-02-22 11:26:16'),
(106, 9, 'Jammie Thiel', 'Minima recusandae quasi aut deleniti enim. Facilis expedita velit rerum reiciendis quos et saepe consectetur. Dolore aut consequatur blanditiis ullam quod ratione impedit. Placeat quod dignissimos qui occaecati minus adipisci.', 4, '2020-02-22 11:26:16', '2020-02-22 11:26:16'),
(107, 27, 'Terrill Brown', 'Totam blanditiis saepe soluta ipsum ducimus. Repellat non itaque nostrum labore dolorem.', 1, '2020-02-22 11:26:16', '2020-02-22 11:26:16'),
(108, 44, 'Gaetano Beier', 'Molestiae illo recusandae corrupti officia tempore. Libero tempora facere voluptatem sed ad ut. Dolorum temporibus rem non ut modi. Nostrum qui dolores eos facilis.', 0, '2020-02-22 11:26:16', '2020-02-22 11:26:16'),
(109, 35, 'Prof. Melvin Jast', 'Optio totam odit iste numquam qui sapiente. Expedita laboriosam voluptas unde dicta. Ut magni ducimus quis incidunt. Voluptas sint autem laudantium delectus magni ipsa ex.', 4, '2020-02-22 11:26:16', '2020-02-22 11:26:16'),
(110, 48, 'Devan Howe', 'Quam omnis cumque ab excepturi. Quod eos hic corrupti voluptate vero quisquam enim sint. Voluptas ipsum et ullam quam eligendi corporis id.', 5, '2020-02-22 11:26:16', '2020-02-22 11:26:16'),
(111, 3, 'Royal Pfannerstill', 'Sunt maxime alias nobis et at voluptatum. Cum quia eum aliquid libero quos consequatur deserunt. Eveniet dolorum voluptas cum magnam reiciendis sequi molestiae. Non enim reiciendis unde assumenda.', 0, '2020-02-22 11:26:16', '2020-02-22 11:26:16'),
(112, 25, 'Archibald Parker', 'Iusto ratione in minus autem minus quaerat. Et blanditiis perspiciatis aut recusandae nam vel odio. Quis nihil occaecati reprehenderit ex vel voluptatem et.', 2, '2020-02-22 11:26:16', '2020-02-22 11:26:16'),
(113, 1, 'Prof. Kaci Witting PhD', 'Dolorum ea et possimus nemo sit asperiores. Rerum molestiae expedita qui dolore veritatis. Nihil eum expedita quia ipsa possimus nisi rerum. A sit nihil debitis numquam.', 4, '2020-02-22 11:26:16', '2020-02-22 11:26:16'),
(114, 41, 'Alfreda Koss', 'Modi quis et eum explicabo dicta. Sit nobis nulla dolorem voluptatem fugiat ut. Inventore aspernatur minus aliquid qui quam quis.', 3, '2020-02-22 11:26:17', '2020-02-22 11:26:17'),
(115, 4, 'Allie Corwin', 'Ut quis odio inventore necessitatibus. Quasi placeat quod quae soluta.', 0, '2020-02-22 11:26:17', '2020-02-22 11:26:17'),
(116, 34, 'Toy Kessler I', 'Labore perspiciatis doloremque eum eveniet quis. Consequuntur quod aut delectus repudiandae et magnam. Ullam tenetur quia sunt est in. Alias sit delectus nam mollitia amet.', 3, '2020-02-22 11:26:17', '2020-02-22 11:26:17'),
(117, 33, 'Zena Luettgen', 'Vero deleniti expedita rerum reiciendis totam voluptatem. Commodi eos molestiae laudantium deleniti praesentium in corporis. Nam saepe ab voluptates cum.', 1, '2020-02-22 11:26:17', '2020-02-22 11:26:17'),
(118, 50, 'Prof. Earl Turcotte', 'Iusto placeat suscipit voluptatem et. Non veritatis est ullam labore odit voluptatem. Quibusdam laborum quae perferendis magni qui illum dolore. Omnis est et commodi minima. Animi praesentium illum pariatur autem et.', 2, '2020-02-22 11:26:17', '2020-02-22 11:26:17'),
(119, 9, 'Prof. Gunner Sporer', 'Quia accusantium eum perferendis quisquam. Facilis voluptatibus veritatis natus inventore similique animi excepturi. Vitae amet nihil quia animi quasi. Officia occaecati qui est nesciunt architecto non.', 3, '2020-02-22 11:26:17', '2020-02-22 11:26:17'),
(120, 24, 'Emmy Walsh', 'Voluptatem et suscipit vero similique enim eos est. Distinctio in aspernatur quidem perspiciatis quasi quae. Molestias dolores et deleniti error similique repellendus maxime. Alias quod sit laudantium voluptatem nisi qui.', 5, '2020-02-22 11:26:17', '2020-02-22 11:26:17'),
(121, 17, 'Margaret Reynolds', 'A omnis necessitatibus reprehenderit laboriosam. Voluptas facilis ratione voluptatibus quia. Dolore praesentium vero perspiciatis.', 5, '2020-02-22 11:26:17', '2020-02-22 11:26:17'),
(122, 49, 'Ms. Glenna Parker', 'Blanditiis id in nobis ut eum earum. Qui corrupti quaerat dolorem necessitatibus aut commodi saepe qui. Omnis ipsa magni quae sunt quidem aut. Ut molestiae rerum dolores saepe quisquam similique praesentium nisi.', 4, '2020-02-22 11:26:17', '2020-02-22 11:26:17'),
(123, 4, 'Mr. Malachi Watsica', 'Iure ipsam quae consequatur et. Ipsa eos aut ut optio similique laborum. In sint velit expedita quia. Aliquam est quidem sapiente est officiis doloremque libero.', 0, '2020-02-22 11:26:17', '2020-02-22 11:26:17'),
(124, 39, 'Van Conroy', 'Dicta eligendi porro cumque. Voluptas debitis voluptatem facere. Facere in aut quas repellat saepe deserunt. Et aliquid minus officiis vero sint.', 1, '2020-02-22 11:26:17', '2020-02-22 11:26:17'),
(125, 24, 'Mrs. Octavia Donnelly II', 'Cupiditate blanditiis quis nam mollitia voluptatem sapiente. Sed maxime facere sed. Facilis voluptatibus id omnis in est.', 3, '2020-02-22 11:26:17', '2020-02-22 11:26:17'),
(126, 28, 'Vena Rutherford', 'Eum est quae autem temporibus. Voluptas adipisci ducimus voluptatem quis nulla eligendi magnam. Fugiat vel sed tempora. Nihil harum et neque quo necessitatibus.', 4, '2020-02-22 11:26:17', '2020-02-22 11:26:17'),
(127, 9, 'Prof. Adriana Wilderman', 'Dolorem et necessitatibus similique est omnis voluptatem qui. Sit voluptas aut incidunt libero. Eum vero nisi necessitatibus natus rerum eveniet. Optio qui autem et labore libero aut. Voluptatibus omnis dolores at est vel est quod.', 0, '2020-02-22 11:26:17', '2020-02-22 11:26:17'),
(128, 15, 'Alvena Yost', 'Non voluptate dolorem explicabo ratione enim veniam. Rem architecto consequuntur quisquam et omnis. Dolorem blanditiis accusantium optio voluptatem.', 2, '2020-02-22 11:26:17', '2020-02-22 11:26:17'),
(129, 1, 'Chyna Cummings', 'Quisquam qui asperiores nostrum molestiae quisquam doloremque soluta. Quidem porro iure maxime doloribus sed sed quod. Voluptatem sed ducimus non a deserunt quisquam adipisci qui. Aliquid sit et autem occaecati ut.', 1, '2020-02-22 11:26:17', '2020-02-22 11:26:17'),
(130, 31, 'Elsa Sawayn DDS', 'Amet inventore et ipsam voluptates voluptas reprehenderit saepe non. Illo ex blanditiis quia nisi maxime. Rem qui quos ut. Unde molestiae adipisci quia necessitatibus perferendis iste minus.', 2, '2020-02-22 11:26:17', '2020-02-22 11:26:17'),
(131, 38, 'Tatum Parker', 'Iste voluptas deleniti sed corporis cum. Sint voluptatibus impedit cum ratione et ducimus. Fuga ea facere recusandae est magni.', 4, '2020-02-22 11:26:17', '2020-02-22 11:26:17'),
(132, 19, 'Braulio Hahn', 'Ut consequuntur inventore atque occaecati. Eius ut enim sunt et repellat iure ut. Quas ea autem perferendis corrupti.', 4, '2020-02-22 11:26:17', '2020-02-22 11:26:17'),
(133, 12, 'Cristian Kessler', 'Perspiciatis ab molestiae ipsa magnam consequatur. Et quidem et qui asperiores enim. Nostrum vel quo repudiandae commodi quod accusamus ut. Aut sed quia sit illo.', 0, '2020-02-22 11:26:17', '2020-02-22 11:26:17'),
(134, 20, 'Dr. Edmond Herzog', 'A aut quia quod. Et facilis a nemo nisi ab. Qui voluptatem est voluptatem impedit omnis. Ea reprehenderit quibusdam aut quasi tenetur error velit facilis.', 5, '2020-02-22 11:26:17', '2020-02-22 11:26:17'),
(135, 42, 'Antoinette Aufderhar', 'Minima aliquid assumenda quisquam maiores incidunt autem in. Tempora qui amet est eum error deleniti officiis aperiam.', 1, '2020-02-22 11:26:18', '2020-02-22 11:26:18'),
(136, 8, 'Esta Boyer', 'Reprehenderit vel nihil incidunt consequatur ut non eum. Veritatis dolores qui totam eius rerum. Voluptas nam repudiandae magni voluptates hic.', 5, '2020-02-22 11:26:18', '2020-02-22 11:26:18'),
(137, 17, 'Leila Goldner DVM', 'Vel ipsa aut est accusamus error. Modi accusantium ullam id vitae reprehenderit facilis ut. Repellat est sed illum nemo.', 3, '2020-02-22 11:26:18', '2020-02-22 11:26:18'),
(138, 1, 'Prof. Giles Mueller PhD', 'Repudiandae iure fugit mollitia impedit. Excepturi assumenda quia itaque reprehenderit corrupti explicabo beatae tenetur. Saepe iste consequuntur est ut. Itaque aut tenetur quo corporis id sunt.', 4, '2020-02-22 11:26:18', '2020-02-22 11:26:18'),
(139, 23, 'Foster Swaniawski', 'Porro magni dolores sit delectus est rerum repellat. Iusto expedita dolor vitae voluptas sint consequatur culpa. Quia fugiat quia amet rerum.', 2, '2020-02-22 11:26:18', '2020-02-22 11:26:18'),
(140, 26, 'Greg Wunsch Jr.', 'Vel impedit et ullam. Eum mollitia blanditiis dignissimos culpa magnam atque. Aut in et ut recusandae voluptas repellat voluptates illum.', 0, '2020-02-22 11:26:18', '2020-02-22 11:26:18'),
(141, 10, 'Hallie Hane', 'Voluptatum id adipisci est est aut totam debitis. Dolorem ut ratione quis natus quas dolores. Ipsum beatae ut fuga. Aut occaecati nam mollitia qui neque. Repudiandae cum fugiat dolores.', 5, '2020-02-22 11:26:18', '2020-02-22 11:26:18'),
(142, 1, 'Tyson Monahan IV', 'Ex quasi harum voluptates voluptatem iure placeat. Laboriosam ad qui occaecati est alias eum omnis. In unde repellat est atque.', 0, '2020-02-22 11:26:18', '2020-02-22 11:26:18'),
(143, 15, 'Lysanne Lind', 'Atque nihil suscipit porro quis in autem harum. Eum non voluptatem sint tenetur sint et.', 2, '2020-02-22 11:26:18', '2020-02-22 11:26:18'),
(144, 36, 'Otho Mohr', 'Sint aut delectus explicabo itaque eos. Et qui quo dolor. Quos maxime dolor eum ipsam ut ad nihil. Quod reiciendis tenetur ut delectus dolorum facere qui ea.', 3, '2020-02-22 11:26:18', '2020-02-22 11:26:18'),
(145, 28, 'Mr. Kennedy Hyatt', 'Ut ut modi sit adipisci. Ipsam voluptatem sed voluptas accusantium quidem et totam. Voluptas tempore illo quia quibusdam et voluptatem facere.', 3, '2020-02-22 11:26:18', '2020-02-22 11:26:18'),
(146, 42, 'Rhea Crist', 'Totam iusto molestiae quo tempora et. Dignissimos in magnam qui. Qui dolore ut cupiditate provident sed commodi.', 2, '2020-02-22 11:26:18', '2020-02-22 11:26:18'),
(147, 22, 'Avery Hegmann', 'Maiores vel maxime quaerat aut. Et omnis incidunt eos voluptate. Necessitatibus architecto voluptate assumenda incidunt. Vero incidunt voluptate veniam doloribus est. Qui eos expedita provident consequatur enim illum sunt.', 1, '2020-02-22 11:26:18', '2020-02-22 11:26:18'),
(148, 8, 'Cecilia Lesch', 'Libero velit nesciunt qui ratione veritatis adipisci numquam. Iure molestiae ut rem aliquam. Quibusdam quod incidunt et qui sit qui accusantium. Cum sapiente error libero neque.', 4, '2020-02-22 11:26:18', '2020-02-22 11:26:18'),
(149, 50, 'Sean Stracke', 'Natus enim dolorem voluptatibus inventore sit facere. Unde blanditiis et earum sint exercitationem quibusdam. Aperiam ea voluptas sunt temporibus minus. Voluptatem id temporibus voluptas.', 4, '2020-02-22 11:26:18', '2020-02-22 11:26:18'),
(150, 34, 'Arlie Wiegand', 'Possimus rerum aut est aspernatur. Culpa vel alias beatae minima labore iste. Quis minima vero consectetur ea.', 5, '2020-02-22 11:26:18', '2020-02-22 11:26:18'),
(151, 5, 'Dr. Amari O\'Hara', 'Ut dolor iusto est sed alias similique nam. Rerum ea aut nemo praesentium. Commodi asperiores cupiditate corrupti ut illo maxime. Dolor quo quos voluptas tempora.', 1, '2020-02-22 11:26:18', '2020-02-22 11:26:18'),
(152, 25, 'Jarrod Miller', 'Libero occaecati blanditiis voluptatem itaque error doloremque consequatur. Atque vel aliquid sit. Architecto iste vel consequatur magnam aut ut dolores. Voluptate quia quam laudantium est.', 3, '2020-02-22 11:26:18', '2020-02-22 11:26:18'),
(153, 3, 'Octavia Kutch', 'Quaerat vel accusantium perferendis neque. Est sint voluptates omnis ut. Eos id officia ducimus at commodi fugiat. Repellendus qui impedit aut iste odio dicta veniam voluptas.', 5, '2020-02-22 11:26:18', '2020-02-22 11:26:18'),
(154, 14, 'Lorna Johnston Sr.', 'Voluptatem unde necessitatibus nesciunt voluptas esse sit fugiat accusamus. Repellat debitis est architecto eum recusandae accusamus labore. Voluptas esse quam quasi voluptate. Dolores possimus animi nihil magni itaque odio voluptas.', 4, '2020-02-22 11:26:18', '2020-02-22 11:26:18'),
(155, 30, 'Hollis Abernathy MD', 'Aliquam voluptate ea quibusdam quaerat praesentium atque. Velit aut hic et impedit rerum quo occaecati. Doloremque illum et aliquid quasi inventore perspiciatis amet. Adipisci doloremque impedit tempore voluptatem neque explicabo et.', 5, '2020-02-22 11:26:18', '2020-02-22 11:26:18'),
(156, 19, 'Loyal Parker', 'Sint tempore saepe repellendus repellendus eveniet. Omnis voluptas velit tempore aut quae consequatur. Ea exercitationem inventore fugit possimus est.', 2, '2020-02-22 11:26:18', '2020-02-22 11:26:18'),
(157, 30, 'Terrence Haag', 'Ut qui voluptatem eligendi culpa enim doloribus repudiandae. Laborum non ullam eveniet qui quisquam facilis. Aliquam vitae et aut quia dolores libero numquam magnam. Ratione dignissimos et quasi. Ullam numquam et qui et nihil.', 1, '2020-02-22 11:26:19', '2020-02-22 11:26:19'),
(158, 28, 'Prof. Scarlett Kuvalis', 'Impedit id sunt ratione. Sint voluptatibus iure et accusantium. Ullam molestiae vel est esse.', 1, '2020-02-22 11:26:19', '2020-02-22 11:26:19'),
(159, 25, 'Miss Veda Macejkovic Jr.', 'Animi nihil aut ut consequatur corrupti. Dolorem et nihil voluptatibus consequuntur explicabo hic. Officiis maiores placeat ut porro mollitia.', 3, '2020-02-22 11:26:19', '2020-02-22 11:26:19'),
(160, 30, 'Mr. George Wolff V', 'Quod aut sed odio consequatur officia quisquam. Et quia ut et quisquam quos temporibus.', 2, '2020-02-22 11:26:19', '2020-02-22 11:26:19'),
(161, 36, 'Orpha Runte', 'Possimus incidunt debitis quas inventore ipsam error fugiat. Laborum dolor facere minus est. Molestiae repellendus ea corporis cumque pariatur nobis. Error reprehenderit rerum nihil eligendi rerum voluptate.', 1, '2020-02-22 11:26:19', '2020-02-22 11:26:19'),
(162, 30, 'George Torphy', 'Distinctio et fugit ut suscipit laboriosam. Commodi et et enim et perspiciatis. Fuga earum iste vitae praesentium quis non.', 4, '2020-02-22 11:26:19', '2020-02-22 11:26:19'),
(163, 49, 'Kevin Johnston', 'Fugit rerum nisi repellat quisquam. Assumenda quo porro officia doloremque veniam est sed. Facere repudiandae consequuntur iste sit sed et temporibus. Eaque ut explicabo nihil nisi assumenda laudantium.', 2, '2020-02-22 11:26:19', '2020-02-22 11:26:19'),
(164, 39, 'Pete Wisoky', 'Voluptates culpa veniam praesentium quam dolor. Necessitatibus voluptatem sed voluptate quae. Neque eius rerum accusantium molestiae explicabo voluptatem. Non fugit qui excepturi est.', 5, '2020-02-22 11:26:19', '2020-02-22 11:26:19'),
(165, 17, 'Mrs. Nayeli Rogahn', 'Quisquam iste a aut distinctio dolore dolor quia. Sequi in adipisci id natus qui dignissimos molestias. Aliquid minima quibusdam molestiae rerum magni. Sed vel omnis beatae non omnis.', 5, '2020-02-22 11:26:19', '2020-02-22 11:26:19'),
(166, 26, 'Destiney Cartwright III', 'Facere voluptas amet facere unde iure. Tenetur sit sint recusandae. Modi quae fugiat nostrum itaque ullam.', 1, '2020-02-22 11:26:19', '2020-02-22 11:26:19'),
(167, 46, 'Dean Treutel', 'Nulla autem ullam ex optio unde laudantium. Iure accusamus ab voluptatem quam adipisci fugiat et. Corporis consequatur eligendi voluptatem sed modi nisi.', 0, '2020-02-22 11:26:19', '2020-02-22 11:26:19'),
(168, 33, 'Gabe Schumm', 'Molestias est et sit illum assumenda enim. Repellat cumque nihil suscipit fugiat quos. Eum animi voluptates aliquid qui non.', 0, '2020-02-22 11:26:19', '2020-02-22 11:26:19'),
(169, 30, 'Adolph Mraz Sr.', 'Pariatur eum soluta at similique enim ipsam non. Vel et nam adipisci ex. Quisquam voluptas expedita aut.', 5, '2020-02-22 11:26:19', '2020-02-22 11:26:19'),
(170, 24, 'Stephon Reichert', 'Ipsum explicabo delectus expedita delectus magnam libero ipsa. Dignissimos temporibus quam temporibus voluptates facere consectetur. Quae fuga maxime sit qui adipisci quam. Occaecati quia maiores quia quia qui nisi.', 3, '2020-02-22 11:26:19', '2020-02-22 11:26:19'),
(171, 31, 'Cierra Gleason', 'Deleniti accusantium nesciunt molestiae voluptatem eum architecto. Dolorem ut vel porro. Quidem quis expedita porro placeat quas.', 4, '2020-02-22 11:26:19', '2020-02-22 11:26:19'),
(172, 9, 'Sabrina Armstrong DVM', 'Quo necessitatibus illum voluptatem enim. Aut maiores a aut minima et. Quia reprehenderit nostrum non molestias non dolorum. Dolor molestiae quia sed qui debitis.', 5, '2020-02-22 11:26:19', '2020-02-22 11:26:19'),
(173, 7, 'Samara Kovacek', 'Deserunt perferendis aut amet autem quod rerum aut consequuntur. Et eos est a omnis error temporibus. Laboriosam ut aliquid nihil est pariatur.', 0, '2020-02-22 11:26:19', '2020-02-22 11:26:19'),
(174, 26, 'Edythe Kulas V', 'Et et autem iusto eum odit sunt. Sint assumenda ex et aut aut. Voluptatem sapiente non qui cumque sequi reiciendis.', 1, '2020-02-22 11:26:19', '2020-02-22 11:26:19'),
(175, 1, 'Mrs. Rhoda Jones', 'Quae sunt dolores dicta laudantium sequi quibusdam dignissimos. Voluptate reprehenderit doloribus dolor sint sed explicabo neque ullam. Praesentium et consequuntur est et dolor facilis et exercitationem.', 5, '2020-02-22 11:26:19', '2020-02-22 11:26:19'),
(176, 22, 'Levi Satterfield', 'Culpa illo porro odit quia ea quo sed. A sit id iste exercitationem sed. In sunt molestiae quam sed expedita aperiam deserunt. Maiores exercitationem eius labore et voluptas.', 0, '2020-02-22 11:26:19', '2020-02-22 11:26:19'),
(177, 37, 'Ansel Wilkinson', 'Aliquam laboriosam pariatur eum aut aliquid praesentium delectus doloribus. Labore sed pariatur corrupti exercitationem. Rerum illo voluptatem vel ut. Aut perferendis distinctio qui in voluptates.', 0, '2020-02-22 11:26:19', '2020-02-22 11:26:19'),
(178, 17, 'Prof. Dillon Von Sr.', 'Impedit impedit aut tenetur nemo. Fugiat voluptas corrupti impedit. Recusandae nulla molestiae rerum et suscipit.', 2, '2020-02-22 11:26:19', '2020-02-22 11:26:19'),
(179, 37, 'Horacio Sawayn', 'Nostrum dolores nihil molestias est aperiam non laboriosam necessitatibus. Facilis qui nulla non at. Fugiat ab exercitationem tenetur voluptatibus.', 3, '2020-02-22 11:26:19', '2020-02-22 11:26:19'),
(180, 43, 'Prof. Brandt Ondricka Jr.', 'Quo et culpa et vero consequatur magni omnis et. Sint praesentium eum consequatur. Quam consequuntur accusantium voluptate quia ea et. Consequatur nisi ut voluptatem iste vel.', 2, '2020-02-22 11:26:19', '2020-02-22 11:26:19'),
(181, 8, 'Kellie Rice II', 'Quam et earum illum quia commodi dicta aut. Aperiam est quia soluta voluptates. Et quia neque sit repudiandae perferendis velit. Et ea facere iste.', 2, '2020-02-22 11:26:19', '2020-02-22 11:26:19'),
(182, 38, 'Dorothea Olson', 'Explicabo aperiam et quasi aut. Rem quia nemo ullam natus dolores optio. Quas fugiat quia nesciunt consequatur et. Vel impedit commodi qui tempora.', 1, '2020-02-22 11:26:19', '2020-02-22 11:26:19'),
(183, 11, 'Clint Williamson', 'Nihil architecto sit beatae accusamus et vel. Nostrum molestiae et nobis sapiente et quis dolore nihil. Molestiae nobis enim eum culpa. Rerum deserunt saepe eius commodi molestiae.', 0, '2020-02-22 11:26:19', '2020-02-22 11:26:19'),
(184, 24, 'Leta Bednar', 'Inventore perferendis qui et accusantium nisi nihil velit aut. Soluta et odio consectetur nisi. Rerum atque sit id accusamus. Sit modi nisi et aut. Eligendi et nobis dolores est nam.', 5, '2020-02-22 11:26:19', '2020-02-22 11:26:19'),
(185, 42, 'Colleen Barrows', 'Ipsa atque odit laboriosam quae sit neque voluptatem. Qui quo eum officiis voluptatem sit et. Cumque laudantium eos aperiam ex.', 2, '2020-02-22 11:26:19', '2020-02-22 11:26:19'),
(186, 43, 'Kayley Douglas III', 'Deserunt rem molestiae et et voluptatibus perferendis occaecati. Quae enim exercitationem aut assumenda accusantium blanditiis dicta. Doloremque ea quod nisi cupiditate velit. Amet numquam vitae deleniti excepturi saepe dolorem.', 3, '2020-02-22 11:26:20', '2020-02-22 11:26:20'),
(187, 12, 'Coby Kohler', 'Facilis et suscipit dolores praesentium. Repellat est esse excepturi ipsa velit veniam. Autem ut non atque voluptas eligendi autem assumenda error. Rerum repudiandae natus sit sint ab in.', 0, '2020-02-22 11:26:20', '2020-02-22 11:26:20'),
(188, 7, 'Elissa Schiller', 'Quasi et commodi vel reiciendis qui sunt debitis. Aspernatur non et et quas. Doloribus nulla eveniet nobis rem recusandae.', 3, '2020-02-22 11:26:20', '2020-02-22 11:26:20'),
(189, 16, 'Tamara Predovic DVM', 'Voluptas mollitia iste dolor adipisci odit quia amet aliquam. Eligendi at nesciunt quas omnis qui tenetur velit. Autem officia eos mollitia repudiandae.', 2, '2020-02-22 11:26:20', '2020-02-22 11:26:20'),
(190, 19, 'Elva Lesch', 'Aut assumenda placeat maiores reiciendis et quod dolorum. Provident omnis blanditiis totam laborum quo. Aliquid expedita voluptatum officiis. Adipisci temporibus at deserunt quasi hic quo facilis sunt.', 5, '2020-02-22 11:26:20', '2020-02-22 11:26:20'),
(191, 12, 'Christopher Von', 'Sapiente dolores atque porro perferendis fuga veniam voluptas. Debitis at praesentium corporis consequuntur illum ratione et soluta. Fugit beatae quibusdam pariatur inventore veniam. Debitis sequi praesentium mollitia magnam.', 5, '2020-02-22 11:26:20', '2020-02-22 11:26:20'),
(192, 38, 'Omari Brekke', 'Praesentium ad enim odio voluptas sit. Eum voluptate enim distinctio et dolor tempora molestiae. Dolor sapiente nostrum eum ut.', 2, '2020-02-22 11:26:21', '2020-02-22 11:26:21'),
(193, 10, 'Piper Rau', 'Rerum veritatis quia ratione qui sit ratione delectus. At unde odit non sapiente saepe deserunt. Aut explicabo unde animi aut et enim minima. Aut ducimus voluptatem hic sapiente.', 2, '2020-02-22 11:26:21', '2020-02-22 11:26:21'),
(194, 8, 'Steve Wyman MD', 'Mollitia sed molestiae qui doloribus itaque nostrum eum velit. Sit facilis veniam quis debitis. Animi consequatur nostrum vitae quam.', 2, '2020-02-22 11:26:21', '2020-02-22 11:26:21'),
(195, 4, 'Queenie Moen', 'Magnam molestiae nobis nostrum tenetur rerum quo et. Qui debitis perferendis eaque vitae voluptatem ut et. Et non ducimus vitae. Et doloribus earum in laboriosam vel laborum.', 4, '2020-02-22 11:26:21', '2020-02-22 11:26:21'),
(196, 37, 'Prof. Dejuan Weissnat', 'Alias totam tempore voluptatum voluptatum velit facere. Ut dolorem ut qui ut dicta ea aspernatur. Et commodi nihil non aut enim laboriosam perferendis iure.', 3, '2020-02-22 11:26:21', '2020-02-22 11:26:21'),
(197, 2, 'Miss Tabitha Halvorson', 'Numquam totam nam neque atque modi recusandae voluptatem. Consectetur perspiciatis quia praesentium exercitationem consequatur ut nam. Itaque officia officiis a labore expedita eos occaecati. Numquam modi est illum odit sequi beatae aperiam at.', 2, '2020-02-22 11:26:21', '2020-02-22 11:26:21'),
(198, 34, 'Isobel Nitzsche', 'Ab maxime alias qui vel corporis et adipisci. Maiores est veniam velit rerum quo dolores at. Quas ut cum dolor veritatis corrupti.', 3, '2020-02-22 11:26:21', '2020-02-22 11:26:21'),
(199, 7, 'Candelario DuBuque', 'Laboriosam eos illo rerum ex earum. Quo voluptatum voluptatem amet ipsam ab. Quo consequuntur perferendis deserunt rerum sequi voluptatem eum. Saepe quibusdam sapiente tempore nemo beatae repellendus voluptatem. Illo consequatur iusto et dolorum voluptatibus id facere.', 0, '2020-02-22 11:26:21', '2020-02-22 11:26:21'),
(200, 13, 'Twila Stracke V', 'Laudantium asperiores assumenda consequatur exercitationem. Autem nemo minus fugit ut hic quas. Quia dolorum sed incidunt qui velit. Nostrum quo adipisci voluptatem omnis excepturi quisquam expedita.', 4, '2020-02-22 11:26:21', '2020-02-22 11:26:21'),
(201, 45, 'Laurine Hegmann', 'Ullam voluptatem nostrum odit dolores tempora placeat aut. Voluptas iure enim distinctio. Velit nihil rerum odio veritatis.', 3, '2020-02-22 11:26:21', '2020-02-22 11:26:21'),
(202, 45, 'Mr. Maxwell Lehner', 'Voluptatem et ea amet ratione quam consequatur aspernatur. Sed ipsam corrupti officia quibusdam voluptates aut voluptatem. Nihil sint suscipit maxime rerum. Et fugiat molestiae laborum possimus illo.', 2, '2020-02-22 11:26:21', '2020-02-22 11:26:21'),
(203, 21, 'Prof. Cristal King', 'Debitis ut in quia quis eos earum eum. Consectetur qui nam impedit error et. Quos libero qui nam quidem libero quis veritatis non. Temporibus atque ipsa magni expedita saepe.', 4, '2020-02-22 11:26:21', '2020-02-22 11:26:21'),
(204, 9, 'Bettie Bednar', 'Illo enim tempora dicta voluptatum. Non ut libero fuga ex hic. Libero illum soluta dolor ea.', 5, '2020-02-22 11:26:21', '2020-02-22 11:26:21'),
(205, 26, 'Mr. Darien Okuneva PhD', 'Quod autem eum perspiciatis quod rerum provident distinctio. Magnam quasi est porro repellat quaerat iste. Et officiis vel id. Dignissimos dicta molestiae autem sit veniam. Et eaque repellat ut ea libero pariatur.', 3, '2020-02-22 11:26:21', '2020-02-22 11:26:21'),
(206, 16, 'Deanna O\'Hara', 'Velit consectetur voluptatem tempore et delectus soluta. Laborum voluptatem temporibus id cum culpa. Quas quia reprehenderit eius dolorem. Aut debitis et tempore est qui porro ut culpa. Dolor voluptas illo corrupti ullam.', 5, '2020-02-22 11:26:21', '2020-02-22 11:26:21'),
(207, 22, 'Crystel Beatty', 'Dolore dolores et voluptas quos porro asperiores at. Exercitationem explicabo ut voluptatem explicabo fugit voluptas ipsum. Architecto modi ut at et qui sit explicabo ut.', 3, '2020-02-22 11:26:21', '2020-02-22 11:26:21'),
(208, 38, 'Ms. Aylin Dickens IV', 'Ea non error vel est. Reiciendis esse fugit et hic distinctio. Eum consequatur libero illo aut.', 5, '2020-02-22 11:26:21', '2020-02-22 11:26:21'),
(209, 11, 'Darron Paucek V', 'Dolorum autem libero optio eaque dignissimos. Non in non vel architecto labore. Porro perferendis ducimus in neque. Ut quas culpa dolorem et.', 0, '2020-02-22 11:26:21', '2020-02-22 11:26:21');
INSERT INTO `reviews` (`id`, `product_id`, `customer`, `review`, `star`, `created_at`, `updated_at`) VALUES
(210, 12, 'Jeff Smitham', 'Ut iusto earum nihil voluptatem et quia. Quis debitis dolorum harum consequatur suscipit dolor aliquid. Quas officiis vitae quam dolorem aliquid pariatur vel. Error laborum pariatur asperiores dolorum pariatur facere. Sit animi corporis quidem culpa rerum ea voluptates.', 5, '2020-02-22 11:26:21', '2020-02-22 11:26:21'),
(211, 24, 'Miss Josefa Grady I', 'Hic quo nobis ad. Nostrum aut quaerat aut fuga voluptatum eum mollitia. Eos modi reiciendis officiis expedita voluptatum et voluptas.', 5, '2020-02-22 11:26:21', '2020-02-22 11:26:21'),
(212, 11, 'Jayne Oberbrunner', 'Aut nemo ea placeat illum aliquid vel possimus. Sit sint culpa sapiente iusto quisquam magni eum. Et sequi temporibus libero accusantium architecto.', 4, '2020-02-22 11:26:21', '2020-02-22 11:26:21'),
(213, 41, 'Herta Konopelski MD', 'Illum et temporibus quia vel distinctio aut. Repellat et minima ipsum enim id consequatur libero. Aut molestiae rerum accusamus velit commodi. Eos quisquam cumque molestiae sunt.', 3, '2020-02-22 11:26:21', '2020-02-22 11:26:21'),
(214, 34, 'Claudia Kshlerin', 'Quia praesentium ab molestiae sapiente ratione sit. Alias nam ex occaecati eum in consequatur. Hic asperiores nobis labore fugit. Consectetur sit beatae deleniti voluptas non et.', 0, '2020-02-22 11:26:21', '2020-02-22 11:26:21'),
(215, 33, 'Mr. Johnson Mante', 'Et in deleniti fugit consequatur facilis. Quae nobis consequatur quo soluta quasi voluptates. Similique facere officia quia officiis ipsum praesentium. Ea veritatis maiores perspiciatis modi.', 2, '2020-02-22 11:26:21', '2020-02-22 11:26:21'),
(216, 43, 'Jessika Kertzmann', 'Repellendus beatae eum similique expedita itaque. Qui voluptatem soluta repudiandae nesciunt. Sint quis possimus suscipit. Tenetur sint molestias quo fugiat.', 2, '2020-02-22 11:26:21', '2020-02-22 11:26:21'),
(217, 9, 'Miss Cathryn Bahringer DVM', 'Neque sint amet at repudiandae. Saepe excepturi dolorem est eveniet delectus.', 1, '2020-02-22 11:26:21', '2020-02-22 11:26:21'),
(218, 9, 'Cleo Waelchi Sr.', 'Dicta aut laboriosam facilis odio est. In odio perspiciatis aut et aut ut. Sunt consequatur suscipit fugit illum nisi voluptas minus.', 2, '2020-02-22 11:26:22', '2020-02-22 11:26:22'),
(219, 44, 'Arjun Kiehn', 'Odio expedita voluptatem est aut. Cum iusto quod consequatur. Vel eaque aut fugit aut.', 5, '2020-02-22 11:26:22', '2020-02-22 11:26:22'),
(220, 9, 'Harrison Wilkinson', 'Unde explicabo nam et asperiores officia voluptatem. Delectus rem autem ducimus id id quos velit. Repellendus facilis nisi et nesciunt. Nihil repellendus in et id error molestiae.', 0, '2020-02-22 11:26:22', '2020-02-22 11:26:22'),
(221, 1, 'Nya Kris', 'Molestiae perspiciatis corrupti modi qui aut voluptatum excepturi at. Qui odio ut veritatis optio exercitationem officiis. Et architecto nemo possimus possimus animi eaque eum. Illo sint optio a ut est vel.', 3, '2020-02-22 11:26:22', '2020-02-22 11:26:22'),
(222, 40, 'Clara Gibson', 'Et ut illum quia quo. Architecto soluta quidem dignissimos facere. Perspiciatis soluta voluptatem maiores quo tenetur magnam.', 5, '2020-02-22 11:26:22', '2020-02-22 11:26:22'),
(223, 14, 'Dr. Eloise Leannon', 'Unde aut nisi minus. Et consequatur magni commodi odit dolor. Autem libero sit inventore et omnis error. Facere aut eveniet recusandae provident similique quos expedita adipisci.', 0, '2020-02-22 11:26:22', '2020-02-22 11:26:22'),
(224, 34, 'Mr. Frankie Lockman', 'Explicabo esse magni molestiae exercitationem in dolorem dicta. Sed et minus neque. Sint itaque exercitationem alias esse est. Et exercitationem porro eveniet amet est nesciunt ea.', 5, '2020-02-22 11:26:22', '2020-02-22 11:26:22'),
(225, 46, 'Jabari Jerde III', 'Et ipsa eum itaque quia. Praesentium eum incidunt dolorem voluptatem porro. Officiis unde iusto temporibus. Molestias est et soluta recusandae quia quas.', 5, '2020-02-22 11:26:22', '2020-02-22 11:26:22'),
(226, 10, 'Dr. Jermaine O\'Connell III', 'Nisi maxime ullam molestiae ab aut voluptate possimus iste. Doloremque qui ex vitae et sint atque maiores eaque. Ex rerum illum dolor esse et ad. Mollitia nesciunt ipsam nobis aliquam ea cupiditate.', 0, '2020-02-22 11:26:22', '2020-02-22 11:26:22'),
(227, 36, 'Cristal Wolf', 'Cumque molestiae ut saepe quis nisi eligendi quam. Voluptatem quaerat delectus accusantium qui commodi fugit incidunt. Beatae esse qui itaque qui quibusdam sit quod.', 0, '2020-02-22 11:26:22', '2020-02-22 11:26:22'),
(228, 44, 'Reynold Hauck', 'Qui qui dolores magni praesentium nihil doloremque nemo. Voluptatem magnam sint et fugit deleniti.', 4, '2020-02-22 11:26:22', '2020-02-22 11:26:22'),
(229, 10, 'Gilbert Wyman', 'Repudiandae quasi praesentium iusto voluptatem. Adipisci enim minima perferendis doloremque non dolorum aperiam culpa. Enim voluptas dolor est dolorum sunt consequatur.', 5, '2020-02-22 11:26:22', '2020-02-22 11:26:22'),
(230, 10, 'Adolf Towne V', 'At est modi in quia. Rerum quas omnis aspernatur quaerat. Inventore similique a et et. Et inventore molestiae delectus et voluptatem incidunt tempora. Nulla a dicta est ut ut maxime labore.', 2, '2020-02-22 11:26:22', '2020-02-22 11:26:22'),
(231, 12, 'Astrid Wisozk', 'Praesentium magnam quia voluptatum quibusdam natus sunt. Nihil itaque quia quia expedita.', 5, '2020-02-22 11:26:22', '2020-02-22 11:26:22'),
(232, 24, 'Koby Pouros', 'Rerum explicabo at animi aut repudiandae qui quia. Earum ab quasi quis autem a hic molestias. Possimus exercitationem debitis minus adipisci beatae quis aliquid.', 1, '2020-02-22 11:26:22', '2020-02-22 11:26:22'),
(233, 16, 'Avis Kling', 'Natus nihil dolores sit sequi. Reiciendis ullam iure non inventore dolor et facere atque. Vel non iste ab autem iure. Alias cumque incidunt sed aut ab.', 2, '2020-02-22 11:26:22', '2020-02-22 11:26:22'),
(234, 40, 'Jayne Gusikowski', 'Eligendi rerum voluptas iusto officia omnis consequuntur. Nulla cupiditate dolore sint deserunt qui quod neque. Quis assumenda corporis aut sed explicabo ut corrupti.', 3, '2020-02-22 11:26:22', '2020-02-22 11:26:22'),
(235, 36, 'Lloyd Keeling Jr.', 'Rerum tempora quo autem ut placeat. Inventore sit eum perspiciatis illo nobis. Dolorem quas voluptates illum aliquid vel. Quo totam qui sed autem dolore eligendi et blanditiis. Minima esse voluptatem molestiae et earum.', 2, '2020-02-22 11:26:22', '2020-02-22 11:26:22'),
(236, 47, 'Aida Johns', 'Dolores voluptatem sunt deleniti ullam. Eveniet voluptas voluptas corporis explicabo sed. Doloribus quae ducimus ipsum dolor laudantium maxime impedit.', 5, '2020-02-22 11:26:22', '2020-02-22 11:26:22'),
(237, 1, 'Alberto Kohler', 'Corrupti ab quisquam sed totam et distinctio voluptatibus. Exercitationem omnis eius aut magni quod. Sit non excepturi voluptatem libero autem corrupti.', 5, '2020-02-22 11:26:22', '2020-02-22 11:26:22'),
(238, 20, 'Prof. Renee Treutel', 'Fugiat cum est labore et libero necessitatibus quo. Error facere nemo esse ratione alias odit. Porro maiores quae pariatur corrupti ut repellat occaecati incidunt.', 4, '2020-02-22 11:26:22', '2020-02-22 11:26:22'),
(239, 46, 'Timmothy Upton', 'Totam voluptatem aut dignissimos ipsum. Enim quia distinctio labore qui est ipsam aliquid. Voluptas odio magnam quis ut.', 0, '2020-02-22 11:26:22', '2020-02-22 11:26:22'),
(240, 10, 'Allison McDermott', 'Soluta autem porro sapiente fuga itaque. Quia cumque voluptates provident et nihil autem ea.', 5, '2020-02-22 11:26:22', '2020-02-22 11:26:22'),
(241, 44, 'Elfrieda Johns', 'Non consequatur libero voluptatum quos sit officiis. Et assumenda veritatis dolor ab quod at. Et ullam nemo velit nihil.', 4, '2020-02-22 11:26:23', '2020-02-22 11:26:23'),
(242, 35, 'Ted Stark', 'Qui quibusdam et ratione sed nihil. Qui expedita est id. Ut eos veniam recusandae repellat omnis quae.', 5, '2020-02-22 11:26:23', '2020-02-22 11:26:23'),
(243, 33, 'Nina Smitham', 'Aliquam dolorem ut enim cupiditate est id. Dolor ad quos omnis et quo. Deleniti nisi animi rerum eveniet et cupiditate possimus. Quae quia rerum nobis culpa omnis dolores et.', 1, '2020-02-22 11:26:23', '2020-02-22 11:26:23'),
(244, 11, 'Bernard Hirthe', 'In exercitationem dolorem et. Consequatur at quia et aliquid ullam aliquid nostrum. Voluptatem ipsum corporis porro voluptatem.', 5, '2020-02-22 11:26:23', '2020-02-22 11:26:23'),
(245, 1, 'Emma Sipes', 'Ipsum reprehenderit vel optio occaecati sequi libero. Laborum sed recusandae ipsa nam cum corrupti. Quam aut odio quia.', 3, '2020-02-22 11:26:23', '2020-02-22 11:26:23'),
(246, 24, 'Damaris Casper', 'Soluta aperiam optio est aliquid delectus possimus. Earum rerum facere deserunt vero. Porro maxime accusamus sed.', 2, '2020-02-22 11:26:23', '2020-02-22 11:26:23'),
(247, 46, 'Rashawn Wolff', 'Saepe ducimus occaecati pariatur sed. Nisi recusandae possimus necessitatibus ea quia omnis. Nam et dolorem provident aut eum ipsam quisquam at.', 2, '2020-02-22 11:26:23', '2020-02-22 11:26:23'),
(248, 10, 'Skyla Jakubowski', 'Saepe rerum ea officia fugiat ab. Consectetur ex vitae dignissimos sed error sed. Natus recusandae sint non sed enim sit.', 1, '2020-02-22 11:26:23', '2020-02-22 11:26:23'),
(249, 10, 'Dr. Jace Cremin', 'Possimus exercitationem sed earum repellat dolore. Modi fugiat error officia eius ducimus iste consequatur. Laborum inventore consequuntur sunt commodi fugiat.', 1, '2020-02-22 11:26:23', '2020-02-22 11:26:23'),
(250, 31, 'Bernita White', 'Consequatur laborum blanditiis earum ut. Provident dolorem dolor eius nam. Atque tempore quisquam ducimus hic ipsam. Debitis voluptas ducimus natus quae pariatur qui nisi.', 1, '2020-02-22 11:26:23', '2020-02-22 11:26:23'),
(251, 13, 'Mr. Toni Mayer', 'Et dolor aut ut voluptatem. Eum unde eos pariatur harum molestias corporis reiciendis. Illo vero aliquam ad ducimus totam et. Nisi neque laudantium modi nostrum.', 4, '2020-02-22 11:26:23', '2020-02-22 11:26:23'),
(252, 10, 'Rusty Feeney', 'Quis dicta et voluptatibus rem dolore necessitatibus et. Impedit dignissimos amet sunt occaecati voluptatum quod. Dolore nam assumenda temporibus omnis et. Recusandae eaque sequi voluptatem.', 0, '2020-02-22 11:26:23', '2020-02-22 11:26:23'),
(253, 24, 'Dr. Paul Cole MD', 'Aspernatur facilis enim dolores incidunt quaerat. Sit est aut distinctio. Quos placeat sunt a minima tenetur et et vel. Maiores quas qui assumenda. Dolor repellendus accusamus occaecati eos at doloremque.', 5, '2020-02-22 11:26:23', '2020-02-22 11:26:23'),
(254, 43, 'Magdalen Kub', 'Rerum quisquam dolorum nostrum exercitationem itaque in velit. Dolorem quis dolorem error quam qui quam. Amet odio ipsam repellendus consequuntur qui veniam.', 0, '2020-02-22 11:26:23', '2020-02-22 11:26:23'),
(255, 6, 'Mr. Jerrell Veum Jr.', 'Similique necessitatibus magni beatae vero qui natus ullam debitis. Delectus quos deserunt doloribus sit voluptatibus eos soluta. Veritatis neque sequi id rerum. Nisi sint dolore eum eum voluptas consequatur nobis laudantium.', 3, '2020-02-22 11:26:23', '2020-02-22 11:26:23'),
(256, 43, 'Chadd Heller', 'Ducimus blanditiis tempore sint omnis. Ipsum excepturi voluptas mollitia. Eaque necessitatibus omnis soluta sunt. Eos consequatur minima ullam quia voluptas nesciunt ea.', 4, '2020-02-22 11:26:23', '2020-02-22 11:26:23'),
(257, 14, 'Miss Jeanie Crist', 'Non eligendi vel neque nobis qui esse ipsum. Cumque et officiis eos. Ut qui quidem autem vel ea. Amet quia ratione commodi magni cum.', 0, '2020-02-22 11:26:23', '2020-02-22 11:26:23'),
(258, 30, 'Laurianne Huel', 'Est ut est illum autem. Voluptate velit velit similique eaque eos dignissimos. Nulla voluptas quo veniam est aut dolores. Voluptatibus veritatis quisquam quae quasi.', 5, '2020-02-22 11:26:23', '2020-02-22 11:26:23'),
(259, 14, 'Keagan Beatty V', 'Aliquam enim qui dolorem a distinctio. Saepe omnis ducimus voluptate officia dolor quam quia. Laudantium corrupti totam repudiandae velit fuga aut.', 0, '2020-02-22 11:26:23', '2020-02-22 11:26:23'),
(260, 35, 'Travon Conroy', 'Id odio molestiae dolorum. Dignissimos voluptas similique modi hic rerum quibusdam sequi. Minus aspernatur consequatur exercitationem ut ut nobis quibusdam.', 5, '2020-02-22 11:26:23', '2020-02-22 11:26:23'),
(261, 14, 'Prof. Dexter Fritsch', 'Ab ipsum inventore iure error error. Dolores ratione culpa harum eos eius quia sint. Quaerat ex consequuntur explicabo cupiditate ut officiis aut veniam. Sit aut qui aut qui nihil laudantium aut.', 5, '2020-02-22 11:26:23', '2020-02-22 11:26:23'),
(262, 48, 'Eliane Durgan', 'Amet sed rerum eveniet qui est sapiente. Porro beatae est dolorem est. Laudantium aperiam odit dolorum eos.', 4, '2020-02-22 11:26:23', '2020-02-22 11:26:23'),
(263, 37, 'Carolanne Schowalter', 'Ab porro sit reiciendis aliquid vel est dolorum. Facilis sed ducimus nemo est possimus laudantium. Consequatur nam sit harum dolorem similique autem iusto velit. Consequatur dolorem sequi numquam tempora ex qui nihil.', 0, '2020-02-22 11:26:23', '2020-02-22 11:26:23'),
(264, 39, 'Dr. Tremayne Powlowski MD', 'Magnam voluptas quia velit qui ullam rerum odio. Vero sequi voluptatem iusto sunt qui cumque cumque. Aliquid sit nesciunt amet deleniti. Ullam reprehenderit quis qui maxime recusandae.', 2, '2020-02-22 11:26:24', '2020-02-22 11:26:24'),
(265, 43, 'Zachery Herman', 'Adipisci quo dolor eos et voluptatem eaque. Libero nulla autem ut repudiandae excepturi. Quam dicta nemo perspiciatis facilis.', 4, '2020-02-22 11:26:24', '2020-02-22 11:26:24'),
(266, 50, 'Samara Herzog V', 'Voluptatem corporis quasi nisi aut animi. Quia voluptatum qui et at et. Ex adipisci facilis omnis.', 3, '2020-02-22 11:26:24', '2020-02-22 11:26:24'),
(267, 22, 'Sonny Daugherty DDS', 'A quia sequi quos et. Sit quisquam est omnis repudiandae ut consequatur molestias. Sit eaque et sit repudiandae ducimus id debitis velit.', 2, '2020-02-22 11:26:24', '2020-02-22 11:26:24'),
(268, 42, 'Miss Myrna Kilback DDS', 'Inventore sit assumenda in in quos. Cumque incidunt sunt fuga explicabo.', 2, '2020-02-22 11:26:24', '2020-02-22 11:26:24'),
(269, 6, 'Connor Dickens', 'Reprehenderit aspernatur nesciunt qui. Dicta explicabo aut soluta doloremque itaque nihil. Officia facere aut rerum maxime quia.', 3, '2020-02-22 11:26:24', '2020-02-22 11:26:24'),
(270, 8, 'Mrs. Retta Botsford V', 'Necessitatibus autem consectetur qui reprehenderit. Ut aut in rerum laudantium ab vel.', 5, '2020-02-22 11:26:24', '2020-02-22 11:26:24'),
(271, 49, 'Destiny Kuhn', 'Voluptas optio non dolor officia. Impedit exercitationem voluptas ipsam dignissimos repudiandae. Aut ratione ipsum nihil. Et libero voluptatem repellat qui et.', 2, '2020-02-22 11:26:24', '2020-02-22 11:26:24'),
(272, 16, 'Aryanna Spencer', 'Voluptatem quia quaerat sapiente consequatur. Ducimus eligendi assumenda sint nemo et excepturi consectetur. Nam debitis autem quis delectus aperiam rerum.', 2, '2020-02-22 11:26:24', '2020-02-22 11:26:24'),
(273, 30, 'Craig Quigley', 'Hic modi consequatur voluptas vel dolorem vero autem. Omnis optio deserunt quibusdam aut. Ut consequatur autem eaque facere.', 0, '2020-02-22 11:26:24', '2020-02-22 11:26:24'),
(274, 6, 'Mr. Ola Hoeger', 'Modi culpa quibusdam reiciendis sint molestiae culpa. Omnis incidunt harum vero illum incidunt. Possimus non eos inventore occaecati praesentium maxime.', 4, '2020-02-22 11:26:24', '2020-02-22 11:26:24'),
(275, 2, 'Dr. Kory Kihn MD', 'Qui molestiae totam repellendus soluta voluptatem saepe nihil. Sed qui temporibus ipsam at aspernatur doloribus. Sunt sed non enim molestiae.', 5, '2020-02-22 11:26:24', '2020-02-22 11:26:24'),
(276, 2, 'Jacinthe Fisher', 'Voluptas enim sit et. Sed sapiente iure qui.', 1, '2020-02-22 11:26:24', '2020-02-22 11:26:24'),
(277, 4, 'Adelbert Crooks Sr.', 'Aut tenetur nobis earum corporis temporibus. Ipsam ullam cum cupiditate odio. Officiis velit aut soluta rerum nemo nobis autem.', 4, '2020-02-22 11:26:24', '2020-02-22 11:26:24'),
(278, 21, 'Juvenal Osinski', 'Est provident officiis nihil similique rerum. Molestiae cupiditate in molestiae deserunt laboriosam. Optio aliquid commodi architecto dolor aut.', 2, '2020-02-22 11:26:24', '2020-02-22 11:26:24'),
(279, 3, 'Dahlia Mayert', 'Ut sunt sunt ratione ut rerum. Saepe eligendi aut maiores ducimus at rerum minus distinctio.', 3, '2020-02-22 11:26:24', '2020-02-22 11:26:24'),
(280, 34, 'Kariane Lemke', 'Et officia consequatur ab deserunt qui nobis. Nulla occaecati et repellat soluta provident et deserunt. A veritatis quia consequatur accusamus distinctio.', 3, '2020-02-22 11:26:24', '2020-02-22 11:26:24'),
(281, 24, 'Minerva Kessler', 'Unde labore ipsam officiis est amet. Ea omnis excepturi maiores accusamus similique.', 0, '2020-02-22 11:26:24', '2020-02-22 11:26:24'),
(282, 13, 'Prof. Leila Jenkins', 'Veniam placeat voluptates libero culpa quia. Tenetur ut sit ducimus ut. Ut officia harum aperiam necessitatibus.', 2, '2020-02-22 11:26:24', '2020-02-22 11:26:24'),
(283, 40, 'Ms. Rubie Ritchie', 'Delectus possimus sequi qui nihil aut. Voluptatem et quam sed impedit id dignissimos cum. Culpa magni quo quidem molestiae voluptas delectus corrupti.', 4, '2020-02-22 11:26:24', '2020-02-22 11:26:24'),
(284, 26, 'Zola Friesen Jr.', 'Accusamus libero in et sequi ab quo aliquam. Unde rerum vero doloremque animi dolores ipsum dolorem. Assumenda maxime labore ratione dolores dolorem.', 4, '2020-02-22 11:26:24', '2020-02-22 11:26:24'),
(285, 31, 'Miss Aurore Bartell V', 'Illo illum autem adipisci et. Vel et inventore numquam sunt. Quos dolores quasi iure laboriosam molestiae ab provident. Amet optio reprehenderit fugiat nobis.', 4, '2020-02-22 11:26:25', '2020-02-22 11:26:25'),
(286, 14, 'Kamryn Larkin', 'Officiis ducimus molestiae corrupti quaerat eveniet fuga. Ad rerum modi est dolorem eos. Sed soluta veritatis suscipit tempora ullam vero doloremque. Qui et tempore aspernatur consequatur aut et.', 4, '2020-02-22 11:26:25', '2020-02-22 11:26:25'),
(287, 41, 'Jessika Greenholt', 'Sunt est vitae earum qui eveniet. Possimus odit eum provident nesciunt fugit eos consequatur eum. Aut in voluptate qui animi qui maxime nesciunt.', 3, '2020-02-22 11:26:25', '2020-02-22 11:26:25'),
(288, 50, 'Miss Julianne Anderson', 'Facilis quibusdam nesciunt ab id consequatur eligendi. Blanditiis cumque dolores ut ut. Omnis laudantium dolorum delectus.', 4, '2020-02-22 11:26:25', '2020-02-22 11:26:25'),
(289, 4, 'Karina Connelly DVM', 'Accusantium eos et necessitatibus id. Tenetur odit quo sed fugit delectus quis unde perferendis. Nisi voluptate officiis voluptatem voluptas consequatur iusto et.', 3, '2020-02-22 11:26:25', '2020-02-22 11:26:25'),
(290, 26, 'Miss Joanie Kiehn', 'Et eius dolorum quia unde dolores accusamus. Rerum dolorem qui est quia fugiat qui illo cumque. Aut delectus nihil aut id.', 2, '2020-02-22 11:26:25', '2020-02-22 11:26:25'),
(291, 20, 'Prof. Lea Moen II', 'Blanditiis doloribus illo quibusdam. Et iste vel illum ut quisquam eveniet. Ut magni error dolore vero nihil.', 1, '2020-02-22 11:26:25', '2020-02-22 11:26:25'),
(292, 9, 'Adrienne Stroman', 'Et ad eum quis id impedit. Iusto repellat rerum voluptatum veniam itaque. Vitae rem ad et. Blanditiis aut alias minus dolorem itaque.', 1, '2020-02-22 11:26:25', '2020-02-22 11:26:25'),
(293, 10, 'Pansy Orn', 'Sit rerum inventore beatae est. Reiciendis consequuntur velit iusto qui mollitia.', 5, '2020-02-22 11:26:25', '2020-02-22 11:26:25'),
(294, 47, 'Janet Kris', 'Error et et itaque enim perspiciatis velit. Sed eligendi assumenda debitis quia sint. Voluptatum non libero ut eum eos veniam culpa non. Rerum aut nisi quos quia qui.', 4, '2020-02-22 11:26:25', '2020-02-22 11:26:25'),
(295, 13, 'Alvera Ortiz PhD', 'Saepe numquam est provident quos quod nulla. Veniam vel inventore dicta atque tempora. Voluptatem consequuntur quisquam vitae qui eius.', 3, '2020-02-22 11:26:25', '2020-02-22 11:26:25'),
(296, 31, 'Malinda Leannon', 'Recusandae maxime nisi non temporibus nulla voluptatem optio. Cupiditate iusto sed unde provident odit consectetur nihil. Sint quaerat est id voluptatem blanditiis tenetur. Fugit et et et ducimus vero saepe provident.', 3, '2020-02-22 11:26:25', '2020-02-22 11:26:25'),
(297, 27, 'Vivianne Kub', 'Ex id harum quam accusantium aut sit. Sunt rerum nostrum explicabo vel officiis sed blanditiis. Voluptatem repudiandae eius consequuntur saepe pariatur sint nulla laborum. Eum et consequatur laudantium consequuntur delectus asperiores laudantium aut. Qui quis suscipit facilis facere.', 0, '2020-02-22 11:26:25', '2020-02-22 11:26:25'),
(298, 33, 'Dr. Travon Boehm', 'Vitae deserunt non non. Maxime eaque quod quod nemo ut corporis autem asperiores. Et ut qui laboriosam enim nam placeat possimus. Vel voluptates deleniti eum odit totam ut id.', 5, '2020-02-22 11:26:25', '2020-02-22 11:26:25'),
(299, 37, 'Tre Pagac', 'Ut autem suscipit dolorem aut illo eum eos. Ipsam nihil recusandae esse laborum sit similique. Qui sint distinctio est dolor fugit.', 4, '2020-02-22 11:26:25', '2020-02-22 11:26:25'),
(300, 42, 'Alejandrin Hermiston', 'Quia rerum veniam soluta non. Sed accusantium illum fugiat est sint. Cupiditate incidunt odit rerum officia ea.', 0, '2020-02-22 11:26:25', '2020-02-22 11:26:25');

-- --------------------------------------------------------

--
-- Table structure for table `users`
--

CREATE TABLE `users` (
  `id` bigint(20) UNSIGNED NOT NULL,
  `name` varchar(255) COLLATE utf8mb4_unicode_ci NOT NULL,
  `email` varchar(255) COLLATE utf8mb4_unicode_ci NOT NULL,
  `email_verified_at` timestamp NULL DEFAULT NULL,
  `password` varchar(255) COLLATE utf8mb4_unicode_ci NOT NULL,
  `remember_token` varchar(100) COLLATE utf8mb4_unicode_ci DEFAULT NULL,
  `created_at` timestamp NULL DEFAULT NULL,
  `updated_at` timestamp NULL DEFAULT NULL
) ENGINE=InnoDB DEFAULT CHARSET=utf8mb4 COLLATE=utf8mb4_unicode_ci;

--
-- Indexes for dumped tables
--

--
-- Indexes for table `failed_jobs`
--
ALTER TABLE `failed_jobs`
  ADD PRIMARY KEY (`id`);

--
-- Indexes for table `migrations`
--
ALTER TABLE `migrations`
  ADD PRIMARY KEY (`id`);

--
-- Indexes for table `password_resets`
--
ALTER TABLE `password_resets`
  ADD KEY `password_resets_email_index` (`email`);

--
-- Indexes for table `products`
--
ALTER TABLE `products`
  ADD PRIMARY KEY (`id`);

--
-- Indexes for table `reviews`
--
ALTER TABLE `reviews`
  ADD PRIMARY KEY (`id`),
  ADD KEY `reviews_product_id_index` (`product_id`);

--
-- Indexes for table `users`
--
ALTER TABLE `users`
  ADD PRIMARY KEY (`id`),
  ADD UNIQUE KEY `users_email_unique` (`email`);

--
-- AUTO_INCREMENT for dumped tables
--

--
-- AUTO_INCREMENT for table `failed_jobs`
--
ALTER TABLE `failed_jobs`
  MODIFY `id` bigint(20) UNSIGNED NOT NULL AUTO_INCREMENT;

--
-- AUTO_INCREMENT for table `migrations`
--
ALTER TABLE `migrations`
  MODIFY `id` int(10) UNSIGNED NOT NULL AUTO_INCREMENT, AUTO_INCREMENT=6;

--
-- AUTO_INCREMENT for table `products`
--
ALTER TABLE `products`
  MODIFY `id` int(10) UNSIGNED NOT NULL AUTO_INCREMENT, AUTO_INCREMENT=51;

--
-- AUTO_INCREMENT for table `reviews`
--
ALTER TABLE `reviews`
  MODIFY `id` int(10) UNSIGNED NOT NULL AUTO_INCREMENT, AUTO_INCREMENT=301;

--
-- AUTO_INCREMENT for table `users`
--
ALTER TABLE `users`
  MODIFY `id` bigint(20) UNSIGNED NOT NULL AUTO_INCREMENT;

--
-- Constraints for dumped tables
--

--
-- Constraints for table `reviews`
--
ALTER TABLE `reviews`
  ADD CONSTRAINT `reviews_product_id_foreign` FOREIGN KEY (`product_id`) REFERENCES `products` (`id`) ON DELETE CASCADE;
COMMIT;

/*!40101 SET CHARACTER_SET_CLIENT=@OLD_CHARACTER_SET_CLIENT */;
/*!40101 SET CHARACTER_SET_RESULTS=@OLD_CHARACTER_SET_RESULTS */;
/*!40101 SET COLLATION_CONNECTION=@OLD_COLLATION_CONNECTION */;
